person_id,first_name,last_name,date_of_birth,gender,address,city,state,zip_code
1,Cassondra,Wrates,14-Aug-1983,Female,7831 Milwaukee Hill,Lake Charles,LA,70616
2,Melisent,Greenig,05-Jan-1967,Female,75 Birchwood Way,Columbia,SC,29240
3,Cornie,Henriquet,08-Apr-1993,Female,242 Everett Drive,Tyler,TX,75799
4,Sherilyn,Astlett,30-Dec-2001,Female,998 Vermont Street,Austin,TX,78737
5,Aarika,Molineaux,21-Jan-1958,Female,4 Morningstar Alley,Austin,TX,78726
6,Mira,Stailey,25-May-1973,Female,1 Lerdahl Trail,Nashville,TN,37245
7,Wes,Romaynes,25-Aug-1944,Male,42 Memorial Hill,Dallas,TX,75342
8,Marcellus,Otton,08-Mar-1974,Male,69788 Florence Parkway,Conroe,TX,77305
9,Mathe,Youens,21-Sep-1947,Male,4734 Transport Junction,Salem,OR,97312
10,Lana,Michell,12-Oct-2000,Female,23 Montana Hill,Decatur,GA,30033
11,Sabine,Moppett,27-Nov-1969,Female,87 Straubel Terrace,Tulsa,OK,74116
12,Myrwyn,Jahns,22-May-1980,Male,6431 Caliangt Park,Saint Paul,MN,55123
13,Nancee,Steinor,16-Jul-1996,Female,7 Shasta Avenue,Clearwater,FL,34629
14,Pembroke,Jaquest,07-Apr-1969,Male,1 Veith Lane,Dallas,TX,75342
15,Stoddard,Vanelli,18-Aug-1956,Female,23900 Colorado Lane,Champaign,IL,61825
16,Darnall,McQuillan,06-Sep-1968,Male,5729 Farwell Junction,Greensboro,NC,27455
17,Callida,Duer,12-Apr-1978,Female,953 Blue Bill Park Lane,Irvine,CA,92710
18,Pegeen,Went,28-Jun-1974,Female,8356 Warner Trail,Tampa,FL,33605
19,Charo,Alty,30-Jul-1971,Female,3 Bobwhite Place,Baton Rouge,LA,70820
20,Krystyna,Pomfrey,24-Mar-1949,Female,59 Homewood Street,Trenton,NJ,08650
21,Amory,Labrenz,30-May-1943,Male,86 Northland Plaza,Wilkes Barre,PA,18768
22,Brenna,Botwood,24-Jan-1942,Female,6 Michigan Road,Birmingham,AL,35242
23,Germain,D'Agostino,16-Feb-1995,Male,5459 Cody Court,Naples,FL,34102
24,Dael,Sidebotham,04-Nov-2000,Female,23 Porter Place,Dallas,TX,75265
25,Maia,Coiley,27-Aug-1988,Female,02 East Road,Mobile,AL,36610
26,Helyn,Duddle,29-May-1990,Female,6138 Hollow Ridge Place,Los Angeles,CA,90081
27,Gert,Arnowitz,15-Feb-1999,Female,0 Delladonna Parkway,Minneapolis,MN,55436
28,Malissia,Grossier,25-Jan-1940,Female,13408 Portage Way,Richmond,VA,23293
29,Malachi,Mattingson,19-Dec-1941,Male,41 Shelley Circle,Idaho Falls,ID,83405
30,Merrel,Cursey,25-Feb-1963,Male,84 Bonner Lane,Baltimore,MD,21216
31,Haskel,Douthwaite,09-Nov-1994,Male,256 Butternut Circle,Missoula,MT,59806
32,Ingmar,Croce,20-Sep-1979,Male,97 Emmet Street,Norfolk,VA,23551
33,Ardine,Laxe,04-Aug-1962,Female,7254 Fairfield Road,Fresno,CA,93762
34,Morey,Rama,23-Apr-1986,Male,506 Village Lane,Joliet,IL,60435
35,Thaxter,Drever,02-Mar-1964,Male,92 Thackeray Trail,Waterbury,CT,06721
36,Emmy,Danielli,01-Oct-1999,Male,3 Sommers Street,Bradenton,FL,34210
37,Max,Hurnell,29-Jul-1944,Female,6922 East Point,Richmond,VA,23260
38,Erminie,McIlrath,10-Sep-1965,Female,73 Katie Alley,New York City,NY,10029
39,Halie,Cousins,25-Oct-1952,Female,68775 Vahlen Junction,New York City,NY,10079
40,Margaret,Bothram,14-Feb-1970,Female,051 Aberg Court,Arlington,VA,22212
41,Thorpe,Edmondson,12-Dec-1964,Male,82 Manufacturers Circle,Largo,FL,33777
42,Ikey,Cotty,17-Mar-1971,Male,299 Welch Court,Marietta,GA,30066
43,Fabien,Killingback,14-Mar-1965,Male,076 Manitowish Street,Indianapolis,IN,46202
44,Jaimie,Orrin,30-Jun-1967,Female,5 Bartelt Alley,Philadelphia,PA,19146
45,Gabbie,Rozier,20-Mar-1998,Male,7 Buhler Way,Roanoke,VA,24004
46,Hamnet,Annott,27-Nov-1976,Male,743 Sutteridge Drive,Milwaukee,WI,53210
47,Garrard,Lettington,26-Sep-1995,Male,26676 Northland Avenue,Littleton,CO,80127
48,Grier,Ivimey,23-Nov-1962,Female,0 Brown Pass,San Francisco,CA,94116
49,Danice,Lilleman,14-Feb-1956,Female,7 7th Park,Brooklyn,NY,11241
50,Clarita,Slowly,15-Feb-1955,Female,3 Old Gate Circle,Worcester,MA,01610
51,Cull,Jobe,23-Nov-1960,Male,031 Bayside Pass,Milwaukee,WI,53263
52,Sayre,Philip,26-Dec-1975,Female,2700 Dapin Trail,Wichita,KS,67230
53,Junie,Ofield,06-Jan-1946,Female,058 Westridge Crossing,Boston,MA,02104
54,Rowen,Sawl,17-Sep-1974,Male,28 Hoffman Street,Cincinnati,OH,45999
55,Alisun,Hadingham,15-Oct-1955,Female,62952 Vernon Alley,Charlotte,NC,28289
56,Deloria,Snooks,22-Sep-1980,Female,863 Russell Park,San Diego,CA,92137
57,Nicoline,Stennings,09-Oct-1994,Female,16081 Kings Court,Minneapolis,MN,55436
58,Nananne,Gerg,14-May-1992,Female,10 Blue Bill Park Place,Palmdale,CA,93591
59,Dani,Jeffreys,18-Dec-1947,Male,925 Eastwood Hill,Columbus,GA,31914
60,Allistir,Bent,10-Jul-1954,Male,4 Forest Run Drive,New York City,NY,10110
61,Robinet,Jeremiah,20-May-1950,Male,174 Division Circle,Chattanooga,TN,37410
62,Craggy,Vearnals,04-Jun-1956,Male,2030 Delladonna Trail,Dallas,TX,75323
63,Vinita,Sibylla,22-Apr-1969,Female,99 Claremont Drive,Lubbock,TX,79452
64,Keane,Wines,28-Aug-2001,Male,375 Packers Pass,Honolulu,HI,96820
65,Erin,Perchard,15-Jul-1947,Male,4 Everett Avenue,Raleigh,NC,27615
66,Wilmette,O'Tierney,25-Jan-1961,Female,8 Red Cloud Junction,San Jose,CA,95128
67,Maudie,Ramirez,26-Mar-1967,Female,089 Bowman Trail,Harrisburg,PA,17110
68,Wilt,Gore,24-Jul-1943,Male,1510 Kipling Court,Largo,FL,34643
69,Wilhelm,Woolatt,27-Mar-1985,Male,687 Nelson Crossing,Albany,NY,12262
70,Holly-anne,Cambell,28-Jul-1963,Female,4290 Artisan Crossing,Boulder,CO,80310
71,Hollie,Matteris,24-Feb-2000,Female,6 Cambridge Alley,Grand Rapids,MI,49518
72,Bruno,Antoniou,25-Aug-1992,Male,6 Northfield Way,Fort Myers,FL,33913
73,Frieda,Duckerin,08-Jun-1964,Female,6236 Bobwhite Crossing,Fayetteville,NC,28305
74,Lilian,Verry,15-May-1951,Female,0307 Northland Road,Kansas City,MO,64193
75,Lonni,Bickley,13-Apr-1970,Female,17 Oxford Pass,Bridgeport,CT,06673
76,Joleen,Mitrovic,09-Jan-1969,Female,550 Stone Corner Park,Shreveport,LA,71151
77,Tyne,Treacy,12-Jun-1985,Female,92 Maryland Trail,Pasadena,CA,91109
78,Orsola,Agott,18-Aug-1944,Female,351 Gateway Point,Appleton,WI,54915
79,Leontyne,Bendle,17-Dec-1991,Female,54045 Pearson Center,Carol Stream,IL,60158
80,Calvin,Barlass,31-Dec-1996,Male,65 Londonderry Alley,Portland,OR,97255
81,Hilly,Godridge,20-Dec-1969,Male,12 Vidon Terrace,Denver,CO,80249
82,Doreen,Shires,29-Oct-1956,Female,15 Loftsgordon Circle,Levittown,PA,19058
83,Hoebart,Lucia,01-Aug-1971,Male,806 Milwaukee Alley,New Orleans,LA,70160
84,Spencer,Condell,08-Oct-1968,Male,34782 Upham Park,Springfield,VA,22156
85,Kat,Blockey,30-Jan-1979,Female,92 Westend Road,Washington,DC,20546
86,Patricia,Heiden,24-Nov-1975,Female,70857 Continental Parkway,Evansville,IN,47747
87,Dalston,Castan,26-Mar-1987,Male,55 Green Ridge Terrace,Lancaster,CA,93584
88,Ava,Castanos,21-May-1943,Female,8527 Fremont Court,Anchorage,AK,99512
89,Amalle,Paver,25-Nov-1947,Female,67028 Anniversary Court,Oklahoma City,OK,73109
90,Luz,Duffield,17-Mar-1981,Female,35 Green Terrace,Stockton,CA,95205
91,Korella,Cafferky,20-Apr-1992,Female,8870 Fairview Point,Saint Paul,MN,55127
92,Shanan,Rainton,04-Sep-1972,Male,68 Derek Court,Phoenix,AZ,85010
93,Petra,Adne,10-Oct-1979,Female,63 Summerview Street,Duluth,GA,30195
94,Warren,Hanington,19-Jun-1962,Male,8503 Clarendon Way,Portsmouth,VA,23705
95,Joe,Preene,20-Feb-1945,Male,983 Thierer Drive,Stamford,CT,06912
96,Mareah,Braddon,28-Dec-1941,Female,790 Bobwhite Alley,Riverside,CA,92519
97,Charmion,Whibley,05-Jul-1970,Female,08 Onsgard Way,New York City,NY,10270
98,Octavia,Fuggle,15-Jun-1949,Female,15274 Onsgard Place,Winston Salem,NC,27150
99,Shelba,Slowgrave,28-Mar-1962,Female,2375 Scott Crossing,Baton Rouge,LA,70815
100,Dionis,Karczinski,30-Jul-1965,Female,06 Cambridge Park,Newport News,VA,23612
101,Blondy,Mummery,22-Nov-2000,Female,7 Claremont Hill,New Haven,CT,06520
102,Florencia,Scales,18-Jul-2000,Female,0815 Londonderry Alley,San Diego,CA,92145
103,Lotty,Agott,28-Jun-1964,Female,1667 Cherokee Place,Warren,OH,44485
104,Quintin,Wollrauch,21-Jun-1946,Male,36509 Crowley Road,Juneau,AK,99812
105,Valentijn,Crisford,20-Jan-1962,Male,026 Gateway Lane,Columbus,OH,43215
106,Audre,Byer,02-Jun-1996,Female,026 Lotheville Pass,Columbia,MO,65211
107,Beck,Dunton,25-Oct-1961,Male,95056 Thierer Park,Dallas,TX,75251
108,Leupold,Adelman,30-May-1989,Male,437 Bellgrove Lane,Las Vegas,NV,89120
109,Elvis,Lias,30-May-1952,Male,69 Bayside Park,Portland,OR,97255
110,Juieta,Fosserd,13-Apr-1986,Female,03 Arrowood Center,Providence,RI,02912
111,Ardenia,Lapree,04-Dec-1984,Female,970 Esch Pass,Aurora,CO,80015
112,Sosanna,Graal,25-Dec-1983,Female,08 Sutherland Court,Pinellas Park,FL,34665
113,Fawn,Cullingford,23-Nov-1950,Female,9305 Del Mar Pass,Sioux Falls,SD,57193
114,Cecelia,Murrthum,24-Nov-1968,Female,03 Roxbury Drive,Huntington,WV,25726
115,Farrah,Purdie,10-Dec-1976,Female,3 Service Avenue,Irvine,CA,92710
116,Zulema,McGreay,02-Sep-1992,Female,806 Shelley Circle,Fort Wayne,IN,46862
117,Chico,Sempill,04-Sep-1974,Male,19 Merrick Alley,Boston,MA,02298
118,Sibel,Barts,05-Nov-1967,Female,749 Eagle Crest Junction,Vancouver,WA,98682
119,Bing,Wheildon,24-Dec-1954,Male,74246 Dorton Way,El Paso,TX,79977
120,Sumner,Dalgetty,24-Sep-1982,Male,6 Oneill Alley,Seattle,WA,98109
121,Joanie,Alexsandrowicz,14-Dec-1945,Female,34 Mayer Pass,Seattle,WA,98140
122,Ada,Hacquard,03-Jul-1982,Female,3168 Kenwood Plaza,Iowa City,IA,52245
123,Stephenie,Borghese,16-Feb-1980,Female,8873 Kensington Plaza,Tucson,AZ,85737
124,Carlotta,Jakubski,28-Nov-1960,Female,24 Cordelia Lane,Norfolk,VA,23551
125,Marguerite,Le Marquand,14-Aug-1982,Female,26 Havey Alley,Littleton,CO,80127
126,Miltie,Crowson,07-Sep-1954,Male,3 Summit Hill,Jacksonville,FL,32255
127,Engracia,Rait,06-Oct-1951,Female,63644 Caliangt Parkway,Toledo,OH,43610
128,Bruis,Olcot,10-Jan-1987,Male,018 Magdeline Center,Arlington,VA,22205
129,Chaim,Kilroy,26-Jun-1949,Male,83422 Harper Trail,Fort Wayne,IN,46805
130,Adelaide,Atkins,17-Dec-1999,Female,802 Homewood Trail,Oklahoma City,OK,73114
131,Elinore,Skelhorne,08-Dec-1992,Female,04 Grover Court,Cincinnati,OH,45208
132,Ashby,Cooling,01-Mar-1969,Male,3901 Raven Plaza,Bronx,NY,10459
133,Tomas,Ellar,02-Nov-1976,Male,98 Heffernan Alley,Palo Alto,CA,94302
134,Corny,Monkleigh,11-Jan-2000,Male,48 Lighthouse Bay Place,North Las Vegas,NV,89036
135,Jeniffer,Hoffmann,28-Dec-1963,Female,85413 Summerview Way,Jamaica,NY,11436
136,Reginald,Peatman,16-May-1987,Male,2 Spenser Drive,Albuquerque,NM,87180
137,Idelle,Riquet,25-May-1980,Female,40959 Holmberg Circle,Young America,MN,55564
138,Gib,Thor,02-Sep-1946,Male,4 Shopko Avenue,Springfield,OH,45505
139,Baird,Graith,12-Nov-1966,Male,8149 Donald Place,San Antonio,TX,78220
140,Redford,Paterno,05-Jan-1943,Male,121 Scoville Alley,Oklahoma City,OK,73129
141,Kathye,Spurdens,01-Jul-1954,Female,89 Comanche Pass,Trenton,NJ,08638
142,Jarred,Inggall,17-Aug-1949,Male,223 Parkside Crossing,Columbus,GA,31914
143,Valerye,Conduit,25-Nov-1979,Female,5937 Montana Terrace,Bakersfield,CA,93399
144,Matt,Bransby,14-Aug-1951,Male,84 Debra Drive,Anderson,SC,29625
145,Killy,Rounding,22-Jun-1942,Male,099 Moulton Court,Arlington,VA,22217
146,Rani,Milsom,27-Feb-1993,Female,5 Rieder Hill,Tyler,TX,75705
147,Vanya,Pennycock,31-Mar-1969,Female,24 Eggendart Drive,Dayton,OH,45414
148,Abrahan,Saltern,06-Jun-1943,Male,7636 Havey Way,Memphis,TN,38114
149,Ron,Kneal,18-Apr-1979,Male,3 Claremont Court,Garland,TX,75049
150,Ceciley,Standing,12-Jun-2000,Female,777 Doe Crossing Road,Monticello,MN,55590
151,Red,Buggy,07-Sep-1979,Male,3963 Fallview Park,Dallas,TX,75241
152,Welby,Emloch,04-May-1995,Male,808 Clyde Gallagher Hill,Tacoma,WA,98447
153,Mariette,Denkel,15-Jan-1988,Female,461 Dryden Way,Norfolk,VA,23509
154,Lindon,Schmuhl,03-Feb-1980,Male,02 Delladonna Hill,Philadelphia,PA,19184
155,Mitch,Platt,06-Mar-1943,Male,2 Linden Terrace,Washington,DC,20404
156,Coriss,Sauvage,14-May-1947,Female,850 Caliangt Parkway,Stamford,CT,06922
157,Dorie,Coppock.,07-Apr-1966,Female,1986 Golf View Point,Tulsa,OK,74149
158,Katinka,Hurche,30-Aug-1978,Female,2693 Carey Pass,Madison,WI,53710
159,Annemarie,Bernardelli,20-May-1941,Female,1680 Crownhardt Point,Washington,DC,20268
160,Deloria,Ronald,08-Dec-1994,Female,23 Dunning Road,Washington,DC,20599
161,Gorden,Harmon,19-Feb-1956,Male,39 Banding Point,New York City,NY,10099
162,Christiane,Beal,10-Apr-1984,Female,5193 Lunder Alley,Akron,OH,44315
163,Cherianne,Bass,26-Oct-1979,Female,98710 Dapin Hill,Brockton,MA,02405
164,Brinna,Mac Geaney,26-Apr-1985,Female,6 Marcy Pass,Washington,DC,20238
165,Jean,Wilber,02-Oct-1990,Male,586 Barnett Hill,El Paso,TX,88535
166,Harry,Elcoat,14-Dec-1946,Male,787 David Terrace,Washington,DC,20566
167,Konstantine,Pigram,14-Jun-1954,Male,1137 Golf Course Drive,Washington,DC,20599
168,Marj,Stitch,31-Oct-1949,Female,7300 Eggendart Lane,Elmira,NY,14905
169,Jennette,Pendlebery,26-May-1980,Female,98 Fuller Pass,Hollywood,FL,33028
170,Gayleen,Walkinshaw,24-Oct-1999,Female,9 Schurz Place,Madison,WI,53785
171,Gabe,Dulton,11-Jan-1985,Male,48125 Holmberg Alley,Kansas City,KS,66160
172,Lynnea,Turville,14-Aug-1959,Female,6 Sullivan Point,Glendale,CA,91205
173,Jacki,Waud,09-Nov-1962,Female,8 Northland Hill,El Paso,TX,79940
174,Kirk,Vineall,18-Jun-1972,Male,965 Maywood Lane,Philadelphia,PA,19141
175,Roz,Claxson,03-Feb-1960,Female,5 Sutherland Trail,North Port,FL,34290
176,Nikkie,Gittings,28-Apr-1957,Female,66832 Pearson Street,San Antonio,TX,78255
177,Gregoire,Given,13-Jun-1950,Male,83471 Hazelcrest Court,Kansas City,MO,64136
178,Quinta,Slyme,02-Dec-1991,Female,66714 Maple Wood Park,Louisville,KY,40280
179,Dode,Carlet,30-Oct-1967,Female,32 Heath Court,El Paso,TX,79984
180,Viva,Danshin,22-Dec-1958,Female,25848 Laurel Lane,San Francisco,CA,94116
181,Tracey,Harkness,30-Oct-1961,Male,42755 Arrowood Junction,Houston,TX,77240
182,Noble,Corter,09-Oct-1953,Male,096 Dapin Pass,Terre Haute,IN,47812
183,Brooke,Ellam,16-May-1974,Male,21661 Beilfuss Court,Brooklyn,NY,11210
184,Randy,Hurdidge,12-Sep-1958,Male,92324 Lien Trail,Kalamazoo,MI,49048
185,Cornall,Tett,23-Dec-1956,Male,0 Glendale Parkway,Fresno,CA,93778
186,Peggy,Chawner,06-May-1997,Female,105 Bunting Street,Lexington,KY,40505
187,Bernadette,Murphy,06-Jan-1962,Female,115 Ridge Oak Trail,Torrance,CA,90505
188,Ransell,Bleacher,10-Jul-1958,Male,211 Caliangt Parkway,Fresno,CA,93715
189,Mill,O'Lunney,06-Sep-1947,Male,113 Buhler Plaza,Monroe,LA,71213
190,Ronnie,Donalson,20-Mar-1952,Female,50782 Dawn Lane,San Bernardino,CA,92410
191,Demeter,Gronauer,06-Apr-1957,Female,776 Quincy Drive,Winston Salem,NC,27105
192,Roland,Zywicki,19-Nov-1940,Male,30 Independence Alley,Akron,OH,44393
193,Emmy,Bayford,29-Aug-1986,Female,1 Orin Way,Wilmington,NC,28410
194,Guinna,Sotheron,22-Dec-1957,Female,87 2nd Road,Austin,TX,78710
195,Betsy,Pucker,03-Dec-1966,Female,4 Anniversary Junction,Kansas City,KS,66105
196,Abie,Carbry,06-Mar-1997,Male,399 Hanson Alley,Great Neck,NY,11024
197,Dot,Newcom,19-Sep-2000,Female,3 Corben Place,Houston,TX,77228
198,Claresta,Stritton,23-Jul-1988,Female,0672 Prentice Alley,Phoenix,AZ,85040
199,Lorine,Merryman,29-Jan-1986,Female,68809 Loftsgordon Crossing,Hartford,CT,06183
200,Dore,Tidman,29-Aug-1994,Male,12 8th Court,Omaha,NE,68110
201,Tuck,Pillington,05-Aug-1988,Male,51946 Del Mar Crossing,Salt Lake City,UT,84152
202,Boris,Hewins,15-Feb-1990,Male,5898 Mockingbird Drive,North Port,FL,34290
203,Sasha,Flucker,12-Jan-1981,Male,1168 Dawn Road,Lexington,KY,40576
204,Amby,Leaman,24-Apr-1946,Male,03 Schlimgen Pass,West Palm Beach,FL,33416
205,Regan,Tonbridge,15-Jan-1967,Female,60407 Lakewood Gardens Parkway,Brooklyn,NY,11225
206,Loydie,Myatt,27-Sep-1970,Male,5471 Manley Drive,Los Angeles,CA,90020
207,Cynthea,Bannister,31-Aug-1947,Female,48 Miller Point,Huntington,WV,25709
208,Hadley,Blainey,06-Nov-1942,Male,571 Thompson Trail,Grand Rapids,MI,49510
209,Carmela,Petrecz,26-May-1951,Female,5702 Waxwing Avenue,Riverside,CA,92505
210,Pepillo,Hurll,06-Jun-1967,Male,0621 Derek Street,Kansas City,MO,64179
211,Ardine,Popworth,11-Feb-1972,Female,1766 Walton Street,Brooklyn,NY,11247
212,Chen,Bazoge,26-Jun-1949,Male,3 Hoard Place,Lexington,KY,40591
213,Harry,Cherry,09-Feb-1979,Male,21 Dunning Lane,Bloomington,IN,47405
214,Dorie,O' Loughran,27-Nov-1956,Male,2859 Moulton Parkway,Chicago,IL,60604
215,Sarge,Kunat,29-Mar-1953,Male,6910 Weeping Birch Hill,Pittsburgh,PA,15220
216,Lindi,Piggott,21-May-1958,Female,4 Village Pass,Grand Rapids,MI,49518
217,Freedman,Jamblin,17-Mar-1989,Male,4712 Claremont Terrace,Fresno,CA,93750
218,Avivah,Loidl,29-Dec-1989,Female,1394 Nobel Place,Delray Beach,FL,33448
219,Gustavo,Szymonwicz,26-Sep-1977,Male,6 Anniversary Hill,Colorado Springs,CO,80935
220,Brenda,Woodier,05-Mar-1945,Female,0 6th Way,Kansas City,MO,64187
221,Giffard,Pointer,01-May-1970,Male,04327 Linden Plaza,Reston,VA,20195
222,Luise,Lumly,07-Aug-1954,Female,15273 Artisan Circle,San Francisco,CA,94169
223,Reg,Buie,11-Dec-1976,Male,10999 Service Avenue,Mesa,AZ,85210
224,Wrennie,Seeds,25-Dec-1957,Female,4237 Rutledge Way,Providence,RI,02905
225,Franny,Joseland,07-Apr-2002,Male,2587 Vera Place,Pinellas Park,FL,34665
226,Howie,Massimo,13-Aug-1956,Male,35 Sutteridge Alley,Springfield,IL,62794
227,Raynor,Sails,18-Sep-1979,Male,5 Melvin Court,Boulder,CO,80310
228,Justis,Greve,24-Nov-1982,Male,110 Clyde Gallagher Pass,Palmdale,CA,93591
229,Fernande,Cunniffe,16-Jun-1970,Female,4 Talmadge Road,Harrisburg,PA,17110
230,Angeline,Bottrell,19-Jan-1946,Female,55328 Judy Way,Springfield,IL,62794
231,Gradey,Faraker,24-Nov-1984,Male,73584 Buena Vista Point,Akron,OH,44393
232,Faustine,Kleinholz,21-Apr-1971,Female,474 Hoepker Pass,Miami,FL,33180
233,Cindy,Downs,20-Mar-1958,Female,2 Florence Pass,Amarillo,TX,79105
234,Dee,McKinn,14-Jun-1987,Female,491 Dahle Street,Bronx,NY,10464
235,Rodge,Harbinson,25-Sep-1981,Male,21 Merry Crossing,Jackson,MS,39236
236,Ruby,Cheetham,09-Jun-1950,Male,46 Hermina Point,Atlanta,GA,31132
237,Iggy,Fackrell,08-May-1976,Male,467 Pond Road,Burbank,CA,91505
238,Lucky,Boultwood,18-Oct-1975,Female,962 Evergreen Center,North Little Rock,AR,72118
239,Wye,Moloney,05-Jan-2000,Male,696 Mccormick Terrace,Roanoke,VA,24040
240,Denver,Dadge,05-Nov-1963,Male,28501 Shelley Terrace,Houston,TX,77276
241,Joaquin,Dorgan,11-Mar-1953,Male,20 Iowa Avenue,Van Nuys,CA,91411
242,Araldo,Checketts,02-Jan-1957,Male,2855 Walton Way,Los Angeles,CA,90005
243,Demetri,Pender,21-Jun-1964,Male,012 Hintze Plaza,Wichita,KS,67220
244,Glen,Andrin,14-Sep-1987,Female,667 Milwaukee Place,Cincinnati,OH,45238
245,Gal,Thalmann,08-Jun-1992,Male,68159 Arrowood Place,Monroe,LA,71208
246,Otho,Pascall,10-Sep-1985,Male,025 Fairview Lane,Orlando,FL,32825
247,Richy,Coleby,20-Mar-1997,Male,965 Thackeray Street,San Antonio,TX,78255
248,Yettie,Akeherst,22-Nov-1971,Female,38 Blaine Circle,Los Angeles,CA,90030
249,Margaretha,Muscat,24-Jan-1963,Female,788 Westridge Center,San Diego,CA,92160
250,Nanete,Willstrop,23-Jan-1991,Female,59 Hermina Plaza,Baltimore,MD,21281
251,Sascha,Ayto,01-May-1956,Male,77849 Namekagon Terrace,Brooklyn,NY,11247
252,Kip,Damato,31-Jul-1963,Male,58935 John Wall Pass,Ogden,UT,84403
253,Glendon,Mee,04-Apr-1976,Male,869 Redwing Terrace,Schenectady,NY,12305
254,Simmonds,Ghidoni,23-Nov-1951,Male,4 Farmco Parkway,Des Moines,IA,50347
255,Oates,Jeandel,07-Jul-1995,Male,7 Fieldstone Crossing,Santa Monica,CA,90405
256,Laughton,Bambrough,09-Mar-1989,Male,42718 Barnett Terrace,Louisville,KY,40205
257,Lynnett,Flury,09-Oct-1954,Female,259 Mallory Drive,Fort Lauderdale,FL,33355
258,Steffie,Fowley,23-Dec-1981,Female,4 Manufacturers Circle,Las Vegas,NV,89125
259,Nikolaus,Leggat,27-Apr-1988,Male,9944 Delaware Way,Sioux City,IA,51110
260,Kimbell,Quinevan,24-Jun-1961,Male,8278 Mallard Plaza,Albuquerque,NM,87190
261,Garvey,Showen,20-Jan-1988,Male,6 Amoth Junction,Orlando,FL,32854
262,Shirlene,McKeggie,30-Aug-1944,Female,3100 Cascade Street,Saginaw,MI,48604
263,Jenine,Easdon,28-Jan-2000,Female,204 Corry Road,College Station,TX,77844
264,Karole,Flaxon,27-May-1992,Female,749 Golf Course Lane,Houston,TX,77228
265,Cathie,Zavattari,03-Mar-1969,Female,127 Merry Street,Kansas City,MO,64136
266,Tucky,Fitzpatrick,07-Mar-1946,Male,71038 Kinsman Court,Evanston,IL,60208
267,Krispin,Staker,19-Feb-1961,Male,1 Menomonie Lane,San Jose,CA,95138
268,Bald,Jerrim,13-Dec-1966,Male,3341 Westridge Point,Buffalo,NY,14215
269,Laural,Pawlett,11-Mar-1979,Female,5844 Bellgrove Place,Oklahoma City,OK,73152
270,Rudd,Boscher,02-Sep-1989,Male,24338 Pawling Junction,Hattiesburg,MS,39404
271,Arley,Skakunas,14-May-1991,Male,9 Badeau Pass,Glendale,CA,91205
272,Cecily,Thyng,17-Dec-2000,Female,08330 Lukken Plaza,Newport Beach,CA,92662
273,Brewer,Knightsbridge,06-Jul-1954,Male,95629 Columbus Alley,Worcester,MA,01654
274,Sela,Claque,20-Apr-1997,Female,91 Farragut Junction,Fresno,CA,93773
275,Kent,Bane,04-Oct-1978,Male,82 Pond Plaza,Amarillo,TX,79118
276,Barn,Morecombe,03-Feb-1952,Male,7065 Randy Place,Tampa,FL,33673
277,Chaddie,McGurk,29-Apr-1976,Male,5966 Packers Point,El Paso,TX,88530
278,Gilligan,Snaden,11-Sep-1942,Female,66001 Roxbury Center,Arlington,TX,76096
279,Tristan,Hischke,11-Jan-1946,Male,90571 Comanche Trail,Raleigh,NC,27690
280,Tiffani,Insoll,27-Nov-1985,Female,06 Nova Drive,Santa Ana,CA,92725
281,Tabitha,Munt,17-Sep-1983,Female,528 Dunning Place,Beaumont,TX,77713
282,Boris,Awde,25-Aug-1986,Male,7 Bayside Park,Saint Petersburg,FL,33715
283,Jazmin,Jerrim,28-May-1967,Female,83 Muir Park,Sacramento,CA,94286
284,Doti,O'Carrol,19-Apr-1989,Female,7684 Walton Trail,Topeka,KS,66667
285,Eb,Atwel,18-Oct-1971,Male,57843 Weeping Birch Trail,Maple Plain,MN,55572
286,Maxine,McBeith,19-Jan-1940,Female,35906 Westend Terrace,Decatur,GA,30089
287,Harp,Creech,02-Jan-1991,Male,09 Old Gate Drive,Pueblo,CO,81015
288,Bondy,Athey,14-Jun-1985,Male,35027 Anniversary Terrace,Norfolk,VA,23520
289,Netta,Hinchcliffe,07-Mar-1962,Female,338 Fisk Road,Newark,NJ,07104
290,Grace,Cornillot,30-Dec-1996,Male,682 Steensland Terrace,Newark,DE,19725
291,Alys,Bedward,11-Jul-1948,Female,5972 Butternut Lane,Jacksonville,FL,32236
292,Dulcia,Walburn,29-Jun-1940,Female,824 Glendale Junction,Toledo,OH,43635
293,Clim,Catterill,10-Apr-1990,Male,2097 Shoshone Point,Johnstown,PA,15906
294,Janis,Aizikovich,20-Dec-1978,Female,68 Arapahoe Hill,Pensacola,FL,32590
295,Barb,Shurman,24-Dec-1948,Female,70 Rowland Drive,Milwaukee,WI,53210
296,Adi,Barnhill,07-Mar-1989,Female,682 Bayside Circle,Birmingham,AL,35236
297,Russ,Cullerne,17-Apr-1981,Male,1479 Bluejay Circle,Tallahassee,FL,32314
298,Tobi,Luetkemeyers,08-Dec-1979,Female,9791 Crest Line Place,Milwaukee,WI,53277
299,Kermy,Sloane,01-Aug-1957,Male,9 Northview Court,Houston,TX,77255
300,Elbertina,Le Fevre,21-Mar-1992,Female,12 Bultman Hill,Oklahoma City,OK,73152
301,Val,Isted,11-Oct-1994,Female,529 Knutson Terrace,Fort Lauderdale,FL,33355
302,Samson,Van Schafflaer,01-Dec-1964,Male,1133 5th Park,El Paso,TX,88553
303,Benedetta,Wisdish,13-Sep-1944,Female,69 Warrior Circle,Little Rock,AR,72204
304,Vachel,Adney,26-Feb-1953,Male,6832 Almo Court,Greensboro,NC,27409
305,Minette,Lewsam,02-Dec-1990,Female,5 Ridgeway Point,Birmingham,AL,35244
306,Emilee,Messent,30-Apr-1984,Female,669 Stuart Parkway,Washington,DC,20470
307,Pancho,Margram,08-Sep-1979,Male,4449 Carberry Trail,Los Angeles,CA,90065
308,Isidora,Cullivan,27-Dec-1976,Female,49 Holmberg Center,Beaumont,TX,77705
309,Renell,Phear,25-Jun-1980,Female,0 Bay Place,Arlington,VA,22225
310,Henrietta,Goodboddy,21-Aug-1967,Female,77 Spaight Terrace,Portland,OR,97206
311,Jedd,Bambrugh,01-Jun-1965,Male,51365 Sherman Road,Southfield,MI,48076
312,Tally,Bitcheno,28-Aug-1942,Male,51 Forest Dale Center,Tacoma,WA,98411
313,Cleopatra,Uman,01-Sep-1969,Female,15 Dixon Pass,New Orleans,LA,70160
314,Vinny,Bretherick,08-Feb-1975,Female,00249 Dawn Point,Peoria,IL,61635
315,Jemmie,Somerton,01-Mar-1946,Female,5 Dunning Point,Topeka,KS,66667
316,Fowler,Vasenin,18-Aug-1952,Male,4249 Clarendon Lane,Indianapolis,IN,46254
317,Othello,Brader,29-Apr-1946,Male,4 Granby Junction,Fort Myers,FL,33994
318,Ricard,Bertot,13-Apr-1987,Male,3 Burning Wood Terrace,Greensboro,NC,27415
319,Niel,O'Kennavain,18-Jun-1942,Male,7 Blaine Way,Paterson,NJ,07522
320,Roslyn,Sabatier,09-Nov-1973,Female,837 Glacier Hill Circle,Santa Ana,CA,92725
321,Tildie,Matzel,21-Apr-1949,Female,53707 Hoard Street,Pasadena,CA,91131
322,Thor,Bellham,01-Aug-1965,Male,85960 Bunting Drive,Saint Cloud,MN,56372
323,Frederik,Layzell,19-Aug-1982,Male,0416 Surrey Point,Pasadena,CA,91103
324,Verine,Napleton,10-Jan-1972,Female,16 Lillian Street,Detroit,MI,48224
325,Phillida,Pilipyak,03-Sep-1966,Female,1444 Green Center,East Saint Louis,IL,62205
326,Miguelita,Henkmann,15-Aug-1953,Female,8 Kensington Point,Evanston,IL,60208
327,Jo-anne,Mityukov,23-Jul-1979,Female,2055 Wayridge Trail,Tampa,FL,33605
328,Ester,Crewes,28-Mar-1966,Female,3 Sundown Terrace,Columbia,SC,29208
329,Lauritz,Skeete,22-Nov-1980,Male,5 Summerview Pass,Fresno,CA,93778
330,Edik,Anwyl,13-Apr-1982,Male,98223 Oxford Hill,Atlanta,GA,30392
331,Coralyn,Brewis,04-Feb-1988,Female,8 Tony Center,Richmond,VA,23285
332,Agustin,Caldecutt,22-Jan-1988,Male,4163 Bartelt Point,Oklahoma City,OK,73147
333,Ulberto,Setter,10-Oct-1979,Male,109 Vidon Road,Morgantown,WV,26505
334,Adham,Bockh,05-Sep-1953,Male,21 Lighthouse Bay Hill,Roanoke,VA,24034
335,Franky,Trahmel,26-Nov-1986,Male,3478 Susan Way,Warren,MI,48092
336,Kev,Sproson,20-Aug-1944,Male,9 Buhler Circle,Philadelphia,PA,19196
337,Clareta,Cornils,02-Dec-1945,Female,058 Corry Drive,Orlando,FL,32835
338,Wernher,Millions,14-Feb-1942,Male,497 Burrows Lane,Washington,DC,20436
339,Mitzi,Seatter,02-Jun-1964,Female,209 Hooker Terrace,El Paso,TX,79934
340,Albina,Burdfield,21-Mar-1983,Female,9 Merrick Trail,Reading,PA,19605
341,Hobie,Bellinger,11-May-1976,Male,319 Manitowish Point,Miami,FL,33111
342,Sol,Andreassen,22-Sep-1948,Male,613 Melvin Park,Laurel,MD,20709
343,Ives,Spottswood,18-Feb-1967,Male,8 Welch Road,Salt Lake City,UT,84105
344,Karim,Jennings,22-Apr-1949,Male,937 Manufacturers Street,Pittsburgh,PA,15205
345,Allyn,Coules,21-May-1971,Female,4125 Burrows Terrace,Los Angeles,CA,90055
346,Yance,Leyman,15-Apr-1986,Male,55 Shasta Place,Washington,DC,20010
347,Reese,Garret,25-Apr-1970,Male,48763 Arapahoe Center,Brooklyn,NY,11210
348,Krysta,Madden,21-Dec-1961,Female,98536 Moose Terrace,Saint Louis,MO,63126
349,Rriocard,Bascombe,26-Nov-1974,Male,89322 Spaight Center,Birmingham,AL,35279
350,Jareb,Arndell,30-Jul-1972,Male,52 Del Mar Circle,Gilbert,AZ,85297
351,Beau,Langan,21-Feb-1974,Male,7 Independence Junction,San Diego,CA,92176
352,Baudoin,Hibbart,21-Dec-1999,Male,24 Browning Street,Independence,MO,64054
353,Henrieta,Shutler,28-Apr-1990,Female,8039 Doe Crossing Circle,Hayward,CA,94544
354,Celisse,Medcraft,03-Aug-1955,Female,6 Rigney Junction,Tampa,FL,33647
355,Bernie,Leere,31-May-1960,Male,46 Butterfield Junction,Boston,MA,02208
356,Gnni,Vinecombe,26-Jan-1960,Female,005 Springs Parkway,El Paso,TX,88584
357,Ashely,Collihole,02-Dec-1976,Female,9 Lakeland Plaza,Miami,FL,33134
358,Codi,Darinton,05-Feb-1940,Female,13 High Crossing Pass,New York City,NY,10090
359,Lolita,Pizey,19-Feb-1952,Female,3403 Jenifer Hill,New Orleans,LA,70165
360,Jacinta,Broxup,04-Aug-1977,Female,1 Arrowood Point,York,PA,17405
361,Gretal,Braams,25-Nov-1977,Female,17 Rutledge Road,Berkeley,CA,94705
362,Ericha,Dowdney,29-Apr-1993,Female,55 Valley Edge Avenue,Akron,OH,44310
363,Tracey,Kingman,12-Feb-1944,Female,26 Moulton Road,Shawnee Mission,KS,66286
364,Alla,Ife,27-Sep-1976,Female,91071 Anhalt Drive,San Francisco,CA,94177
365,Kennedy,Grover,02-Sep-1990,Male,6 Arizona Terrace,Pittsburgh,PA,15220
366,Brandtr,Riepel,25-Jan-1983,Male,49 Badeau Trail,Glendale,CA,91205
367,Isaak,Cayette,26-Sep-1944,Male,34 International Pass,Los Angeles,CA,90015
368,Lucius,Lockyear,12-Nov-1970,Male,2249 Hazelcrest Junction,Boise,ID,83727
369,Franchot,Cadell,10-Sep-1965,Male,78 Sommers Place,Wichita,KS,67236
370,Costa,Yexley,04-Oct-1985,Male,32372 Rigney Hill,Baltimore,MD,21275
371,Berky,Tomaskov,24-Oct-1973,Male,824 Donald Court,San Bernardino,CA,92424
372,Heddie,Nealand,15-Dec-1974,Female,78526 Summer Ridge Circle,Fort Smith,AR,72905
373,Cass,Pottes,10-Nov-1982,Male,6812 Shoshone Alley,Macon,GA,31205
374,Alvie,Leband,04-Dec-1959,Male,8 Barnett Place,El Paso,TX,79928
375,Prue,Lorence,24-Mar-1951,Female,693 Corry Road,Evanston,IL,60208
376,Leanor,McLuckie,04-Sep-1996,Female,51708 8th Street,Louisville,KY,40256
377,Hercules,Sowman,28-Dec-1986,Male,1609 Park Meadow Road,Roanoke,VA,24034
378,Jehanna,Aucutt,25-Jan-1948,Female,2 Fremont Terrace,Plano,TX,75074
379,Arel,Rangall,19-Jul-1958,Male,1 Maple Wood Plaza,El Paso,TX,79934
380,Koral,Butterfint,18-Dec-1958,Female,7 Namekagon Alley,Philadelphia,PA,19151
381,Clemente,McMackin,11-Jun-1947,Male,279 Sunbrook Terrace,Wichita,KS,67220
382,Gordie,Staddon,06-Aug-1983,Male,4982 Sommers Park,Detroit,MI,48275
383,Olav,Qusklay,14-Sep-1951,Male,9 Green Place,Orlando,FL,32835
384,Mordy,Stollman,02-Mar-1946,Male,207 Stang Avenue,Colorado Springs,CO,80905
385,Theresa,MacCosty,05-Aug-1952,Female,4526 South Court,Spring,TX,77388
386,Piggy,Dulton,25-Jan-1990,Male,23001 Marquette Place,Washington,DC,20067
387,Matelda,MacInnes,24-May-1960,Female,001 Loeprich Drive,Inglewood,CA,90398
388,Nalani,Bromby,11-Dec-1981,Female,12372 Fairview Park,Springfield,IL,62711
389,Maurie,Wauchope,07-Jun-1977,Male,45 Vernon Junction,Cape Coral,FL,33915
390,Liesa,Cuddihy,23-Nov-1990,Female,1 Bowman Trail,Tacoma,WA,98424
391,Maddalena,Parades,15-Feb-1953,Female,91 Hollow Ridge Circle,Charleston,WV,25336
392,Meir,Callacher,10-Oct-1970,Male,4530 Weeping Birch Road,Roanoke,VA,24029
393,Simmonds,Banbrick,06-Oct-1944,Male,16 Cascade Parkway,South Lake Tahoe,CA,96154
394,Dorthy,Gumn,28-Feb-1967,Female,0 Daystar Junction,Everett,WA,98206
395,Toiboid,Iorillo,22-Feb-1962,Male,622 Alpine Center,Springfield,IL,62723
396,Klaus,Flippini,09-Mar-1964,Male,2 Morrow Way,Metairie,LA,70033
397,Maddalena,Bisset,05-Dec-1977,Female,8 Helena Drive,Springfield,MO,65810
398,Raf,Boddy,12-Jan-1950,Female,81690 Washington Avenue,Tucson,AZ,85754
399,Diandra,Rawlin,23-Jun-1957,Female,82519 Canary Pass,Reno,NV,89519
400,Jareb,Giraudel,21-Sep-1963,Male,1691 Northridge Hill,New York City,NY,10165
401,Kendrick,Gapper,20-Nov-1943,Male,38 Stang Park,Birmingham,AL,35220
402,Ban,Trott,19-May-1956,Male,72490 Haas Plaza,Phoenix,AZ,85040
403,Jordanna,Fewtrell,26-Jan-1943,Female,57 Lotheville Parkway,San Antonio,TX,78220
404,Lannie,Nutley,24-Oct-1999,Male,4 Walton Street,Dallas,TX,75210
405,Mellisent,Bruins,01-Aug-1951,Female,2707 Havey Drive,Harrisburg,PA,17105
406,Marne,Sextie,07-Apr-1993,Female,395 Starling Lane,Long Beach,CA,90847
407,Melessa,Tant,25-Mar-1997,Female,0934 Summit Alley,Durham,NC,27710
408,Lenci,Handaside,18-Mar-1960,Male,7 Milwaukee Place,Boise,ID,83711
409,Vivyan,Ziehms,05-Jan-1980,Female,1479 Manufacturers Pass,Saginaw,MI,48609
410,Ariana,Wickling,26-Mar-1962,Female,78608 Dryden Lane,Albany,NY,12232
411,Doro,Perl,20-Feb-1994,Female,5 Stoughton Road,San Jose,CA,95138
412,Neala,Yashunin,27-Mar-1990,Female,5 Rusk Alley,Grand Rapids,MI,49518
413,Grace,Colvine,02-Dec-1974,Female,1997 Rieder Street,Oakland,CA,94605
414,Remington,Sarll,15-Jun-1945,Male,7 Brown Hill,Shawnee Mission,KS,66220
415,Felipa,Cotterill,20-Apr-2001,Female,17 Donald Court,Columbus,OH,43220
416,Winfred,Dimbleby,09-Sep-1981,Male,16521 Bonner Drive,Maple Plain,MN,55572
417,Tris,Abram,13-May-1978,Male,92019 Carey Street,Reno,NV,89595
418,Marjy,Gotcliff,09-Jan-1945,Female,093 Saint Paul Circle,Terre Haute,IN,47805
419,Bendite,Brayne,13-May-1970,Female,61246 Almo Place,Louisville,KY,40205
420,Sebastiano,Owlner,01-Jul-1974,Male,30 Riverside Junction,San Jose,CA,95194
421,Rouvin,Keay,23-Jan-1993,Male,70041 Toban Avenue,Tampa,FL,33686
422,Meghann,Godly,16-May-1945,Female,09 3rd Circle,Seattle,WA,98140
423,Cosetta,Baldrey,19-Sep-1975,Female,4 Cody Park,Austin,TX,78715
424,Christoffer,Eingerfield,25-Sep-1950,Male,31193 Amoth Parkway,Saint Joseph,MO,64504
425,Robby,Woodeson,16-Nov-1940,Female,0298 Hintze Center,Las Vegas,NV,89125
426,Lamond,Sporrij,28-Feb-1946,Male,0 Sunfield Way,Fort Worth,TX,76134
427,Merwyn,Buckmaster,08-Apr-1991,Male,1 Forest Dale Trail,Atlanta,GA,30375
428,Avie,Lamlin,25-Jun-1998,Female,4 Fieldstone Way,Kansas City,KS,66105
429,Wandie,Ishak,20-Jan-1944,Female,9 Hayes Street,Sacramento,CA,94273
430,Reube,Sterzaker,30-Jul-1955,Male,9 Novick Point,Tampa,FL,33647
431,Evy,Hoys,25-Jan-1952,Female,42701 Birchwood Way,Columbia,SC,29225
432,Zondra,Seamer,18-Mar-1997,Female,2472 Lillian Terrace,Nashville,TN,37240
433,Kirk,Mulbery,28-Sep-1992,Male,00 Buell Junction,Houston,TX,77040
434,Willey,Martt,21-Sep-1962,Male,56178 Truax Way,Seattle,WA,98104
435,Rozalie,Arnaudi,15-Jul-1992,Female,76 Fremont Crossing,New Haven,CT,06520
436,Lind,Gleader,12-Jun-2001,Female,3748 Blaine Circle,Huntington,WV,25711
437,Hilde,Twaite,23-Aug-1971,Female,17 Stone Corner Way,Orlando,FL,32859
438,Kathryn,Durbann,27-Jan-1982,Female,22895 Portage Terrace,Dayton,OH,45440
439,Roda,Birtle,11-Jan-1975,Female,785 Dwight Court,San Antonio,TX,78205
440,Korie,Walewicz,10-Nov-1984,Female,58 Menomonie Place,Lincoln,NE,68531
441,Lina,Urvoy,29-Oct-1968,Female,745 Stang Avenue,Huntsville,TX,77343
442,Janet,Alu,28-Sep-1987,Female,865 Sheridan Hill,Pensacola,FL,32526
443,Elga,Pendrich,21-Feb-1945,Female,6 Wayridge Crossing,Palatine,IL,60078
444,Iosep,Ditts,23-Feb-1947,Male,69870 American Alley,Salt Lake City,UT,84170
445,Irwin,Draysay,05-Aug-1962,Male,958 Rockefeller Street,Houston,TX,77266
446,Torrie,Burgh,19-Sep-1966,Female,3 Raven Parkway,Colorado Springs,CO,80915
447,Kelila,Setch,20-Jan-1946,Female,82552 Lighthouse Bay Point,San Antonio,TX,78205
448,Kerrie,Cudby,01-Nov-1968,Female,8451 Johnson Parkway,Long Beach,CA,90810
449,Ilse,Pipet,28-Mar-1941,Female,382 Scoville Road,Birmingham,AL,35290
450,Delcine,Herreran,10-Apr-1995,Female,72593 Lakewood Road,Denver,CO,80291
451,Shell,Warlowe,14-Nov-2000,Female,5399 Utah Parkway,Arlington,VA,22212
452,Courtenay,Knibb,12-Sep-1958,Female,4 Warner Avenue,Laurel,MD,20709
453,Micheline,Witt,29-May-1971,Female,262 High Crossing Court,South Lake Tahoe,CA,96154
454,Stephie,Burley,10-May-1998,Female,66 Stone Corner Alley,Paterson,NJ,07522
455,Parsifal,Winson,01-Mar-1966,Male,2 Mitchell Park,Dallas,TX,75236
456,Nicolea,Everwin,15-May-2001,Female,23234 Granby Avenue,Memphis,TN,38136
457,Phil,Brocking,23-Feb-1978,Male,63689 Morningstar Trail,Chicago,IL,60619
458,Jerry,Wildin,22-Dec-1988,Female,413 Transport Street,Bradenton,FL,34282
459,Stormie,Henniger,25-May-1991,Female,4 Forest Run Avenue,Portland,OR,97211
460,Izak,Camings,18-Aug-1946,Male,8974 Westerfield Point,Metairie,LA,70005
461,Mercy,Beacock,02-Jul-1966,Female,8001 Eagle Crest Lane,New York City,NY,10184
462,Patrica,Lemerie,26-Oct-1987,Female,27 Hallows Crossing,Raleigh,NC,27635
463,Sasha,Crutch,04-Sep-1975,Male,4 Schlimgen Center,Charlottesville,VA,22903
464,Alberta,Billington,22-Jan-1985,Female,264 Scoville Drive,Miami Beach,FL,33141
465,Giusto,Sandbrook,04-Jan-1969,Male,864 Florence Court,Pueblo,CO,81005
466,Frans,Quayle,20-Feb-1950,Male,3553 Rockefeller Junction,Bronx,NY,10469
467,Baryram,Burchett,26-Nov-1943,Male,15 Iowa Pass,Boca Raton,FL,33499
468,Giustina,Bertin,31-Jan-1964,Female,94366 Doe Crossing Crossing,Seminole,FL,34642
469,Andie,Berry,09-Aug-1954,Male,46 Fremont Court,Sacramento,CA,94280
470,Jamie,Cosbee,29-Mar-1966,Male,875 Northview Road,Baltimore,MD,21290
471,Shanie,Pinfold,08-Mar-1963,Female,8 Independence Hill,San Jose,CA,95160
472,Agatha,O'Harney,23-May-1964,Female,4 Northland Plaza,Detroit,MI,48295
473,Ashlie,Gudahy,29-Aug-1944,Female,149 Petterle Point,Washington,DC,20370
474,Oralla,Gerritsma,30-Apr-1993,Female,232 Continental Court,Gainesville,FL,32610
475,Gayla,Bowring,25-Sep-1964,Female,7484 Farragut Park,San Diego,CA,92186
476,Gabbie,O'Donohue,07-Apr-1997,Male,65818 Donald Crossing,Dallas,TX,75387
477,Ossie,Ebbutt,19-Jul-1966,Male,97443 Mandrake Crossing,Houston,TX,77276
478,Heindrick,Maeer,27-Jul-1957,Male,0 Talisman Crossing,Los Angeles,CA,90081
479,Dallon,Tomlins,06-Apr-1971,Male,36306 Darwin Parkway,Palo Alto,CA,94302
480,Rosalie,Josupeit,20-Aug-1977,Female,705 Victoria Plaza,Nashville,TN,37228
481,Nichole,Bedell,23-May-1948,Male,74807 Nelson Parkway,Huntington,WV,25721
482,Falito,Rouff,24-Aug-1995,Male,8165 Valley Edge Street,Atlanta,GA,30356
483,Marcile,Ferres,03-Oct-1961,Female,5281 Hayes Alley,Saint Joseph,MO,64504
484,Rollins,Drabble,15-Apr-1972,Male,666 Eliot Point,Beaufort,SC,29905
485,Rianon,Basketter,22-Sep-1945,Female,4 John Wall Terrace,West Hartford,CT,06127
486,Napoleon,Ivanchov,12-Nov-1979,Male,35 Moland Hill,Sunnyvale,CA,94089
487,Rozalie,Nelius,21-Apr-1983,Female,955 Heffernan Pass,Lansing,MI,48930
488,Connie,Brabin,05-Mar-1980,Male,0 Scofield Junction,Albuquerque,NM,87121
489,Tabby,Hallin,03-Jun-1983,Male,7 Mifflin Junction,Saint Augustine,FL,32092
490,Kamila,Etridge,11-Nov-1981,Female,51 Schiller Lane,Sacramento,CA,94263
491,Karlene,MacCumeskey,06-Feb-1987,Female,637 Gerald Terrace,Tampa,FL,33615
492,Willamina,Hebborne,03-Aug-1955,Female,4495 Kings Park,Paterson,NJ,07544
493,Ly,Blaisdale,26-Sep-1996,Male,8 Portage Terrace,Tempe,AZ,85284
494,Averyl,Matteucci,17-May-1996,Female,098 Summit Parkway,Denver,CO,80209
495,Bern,Brockett,03-May-1989,Male,179 Helena Alley,Philadelphia,PA,19136
496,Valida,Rasch,20-Aug-1963,Female,9 East Parkway,New Orleans,LA,70129
497,Sherline,Martynka,18-May-1983,Female,16477 Green Ridge Pass,Fayetteville,NC,28305
498,Rowland,Hamprecht,15-Feb-1956,Male,83 Thompson Point,Fort Wayne,IN,46896
499,Krishnah,Filipczak,26-Jan-1983,Male,401 Sullivan Center,Corpus Christi,TX,78470
500,Aubree,Traite,19-Mar-1995,Female,1780 Sutteridge Way,Boston,MA,02203
501,Gerda,Fairholme,12-Jul-1969,Female,823 Michigan Parkway,White Plains,NY,10606
502,Roseanne,Baudoux,13-Jun-1987,Female,12692 Superior Park,New York City,NY,10045
503,Zebulen,Reek,01-Mar-1971,Male,71237 Sutteridge Court,Kansas City,MO,64153
504,Talya,Chaucer,26-Mar-1973,Female,1678 Monument Road,Lancaster,CA,93584
505,Lea,Sorrill,25-Sep-1990,Female,39 Mariners Cove Street,Rockford,IL,61110
506,Lauraine,Dods,02-Dec-1964,Female,53 Katie Road,Des Moines,IA,50335
507,Eleanore,Thewlis,09-Mar-1973,Female,66874 Knutson Junction,San Diego,CA,92196
508,Francesca,Brogiotti,30-Oct-1999,Female,26 Hallows Drive,Grand Rapids,MI,49544
509,Jeniffer,Skipp,11-May-1987,Female,84 Carey Crossing,Akron,OH,44393
510,Ryley,Massimi,09-May-1998,Male,12 1st Court,Sioux Falls,SD,57110
511,Meryl,Ryder,03-Nov-1956,Male,8 Forest Run Circle,Houston,TX,77255
512,Quillan,Naile,23-Dec-1943,Male,416 Bobwhite Street,Katy,TX,77493
513,Ilario,Mitten,03-Jan-2002,Male,553 Merchant Road,Ogden,UT,84403
514,Minetta,Hillborne,14-Jul-1998,Female,33068 Pine View Place,Omaha,NE,68110
515,Tyler,Menpes,05-Jul-1956,Male,02 Jenna Court,Newton,MA,02162
516,Wyatt,Eick,02-Feb-1981,Male,4 Elka Way,San Antonio,TX,78215
517,Corabelle,Blowin,19-Dec-1977,Female,76 Caliangt Street,Colorado Springs,CO,80930
518,Lana,Mc Elory,13-Oct-1970,Female,24 Waxwing Court,Durham,NC,27710
519,Bank,Badcock,22-Sep-1944,Male,7434 Welch Way,Atlanta,GA,30306
520,Lyssa,Tarbett,08-Dec-1963,Female,2 Gateway Alley,Durham,NC,27717
521,Nicky,Twidale,01-Jul-1979,Male,75156 Delladonna Place,Wichita,KS,67236
522,Tessy,Burnep,29-Oct-1972,Female,153 Continental Point,Orlando,FL,32859
523,Kyle,Gedney,20-Sep-1964,Female,0 Gina Place,Pueblo,CO,81005
524,Gasparo,Wife,30-Oct-1995,Male,56 Linden Road,Milwaukee,WI,53205
525,Nada,Vakhonin,30-Sep-1977,Female,118 Mayer Alley,Atlanta,GA,30375
526,Flint,Hulks,16-Apr-1977,Male,30 La Follette Street,Fort Myers,FL,33906
527,Caryn,Lanchbury,04-Nov-1984,Female,57582 Bluestem Pass,Roanoke,VA,24034
528,Kory,Stanger,08-Apr-1955,Male,1307 Onsgard Avenue,Suffolk,VA,23436
529,Dillie,Fendlow,09-Apr-1947,Male,23916 John Wall Pass,Pensacola,FL,32520
530,Lenee,Gayle,27-Feb-1947,Female,1 Maple Wood Junction,Pittsburgh,PA,15240
531,Ruperto,Stuchbery,12-Aug-1964,Male,492 Scofield Circle,Amarillo,TX,79159
532,Wyatan,Stonham,03-Nov-1987,Male,5 Del Mar Circle,Canton,OH,44710
533,Alan,Burren,11-Apr-1974,Male,9397 Hagan Avenue,Lima,OH,45807
534,Kissee,Onians,14-Jan-1968,Female,19 Heath Trail,Birmingham,AL,35210
535,Noel,Minards,25-Nov-1952,Male,16 Delladonna Hill,Meridian,MS,39305
536,Burton,Ashwin,09-Jan-1947,Male,07986 Riverside Junction,Columbia,MO,65218
537,Abbie,Charrette,18-Jun-1959,Male,36 Dunning Point,Worcester,MA,01605
538,Lola,Hurch,13-May-1943,Female,20093 Sullivan Road,Midland,TX,79705
539,Kin,Hars,27-Jun-1950,Male,4 Vera Way,Memphis,TN,38161
540,Aimil,Trengrove,20-May-2002,Female,7 Fremont Drive,Detroit,MI,48217
541,Fanya,Brand,06-Feb-1949,Female,04 Alpine Pass,Cedar Rapids,IA,52405
542,Clay,Morphey,17-Feb-1978,Male,391 Armistice Lane,Schaumburg,IL,60193
543,Cariotta,Janczak,01-Jan-1950,Female,2 Moose Plaza,Decatur,IL,62525
544,Adams,Danes,19-Nov-1980,Male,405 Tomscot Way,Little Rock,AR,72215
545,Flin,Sibun,24-Oct-1964,Male,3073 Ridgeway Park,Las Vegas,NV,89145
546,Valentia,Barthorpe,09-Nov-1972,Female,9746 Oak Valley Place,Louisville,KY,40215
547,Rubin,Lunn,25-May-1948,Male,1989 Sheridan Lane,Toledo,OH,43666
548,Iosep,Vahl,16-Aug-1973,Male,7052 Graceland Street,Chicago,IL,60614
549,Paquito,Bayly,06-Oct-1967,Male,54 Tony Road,Wilmington,NC,28405
550,Brockie,Easter,18-Aug-1975,Male,16451 Merry Plaza,Tulsa,OK,74126
551,Kaela,Cockayme,03-Dec-2001,Female,6 Sunnyside Hill,Davenport,IA,52804
552,Cornell,Bushnell,18-Nov-1979,Male,6 Aberg Point,Atlanta,GA,31190
553,Linc,Ofener,31-Dec-1956,Male,8825 Hallows Trail,Savannah,GA,31410
554,Pip,Longmead,15-May-1994,Male,8 Basil Court,Tulsa,OK,74156
555,Giorgi,Sture,18-Sep-1999,Male,47020 Fulton Center,Amarillo,TX,79118
556,Thalia,Ghiotto,11-Jun-1940,Female,36 Linden Parkway,Gatesville,TX,76598
557,Sandro,Vinall,12-Aug-1981,Male,68663 Rieder Road,Richmond,VA,23228
558,Iago,Ogg,03-Jul-1996,Male,99 Fordem Center,Tulsa,OK,74149
559,Ezechiel,Smillie,19-Sep-1951,Male,69723 Ridgeview Lane,Stamford,CT,06922
560,Jarib,Glyde,12-Oct-1987,Male,6597 Dwight Way,Atlanta,GA,30306
561,Issie,Scranedge,29-Apr-1955,Female,3 Forest Run Court,Charlotte,NC,28284
562,Chane,Basilone,08-Jun-1971,Male,6371 Green Road,Portland,OR,97211
563,Bambie,Bernette,28-Jun-1955,Female,819 Forest Dale Place,White Plains,NY,10633
564,Xylina,Eke,17-Feb-1964,Female,58 6th Hill,Dallas,TX,75205
565,Dom,Drejer,19-Jan-1976,Male,084 4th Trail,Buffalo,NY,14263
566,Nessy,Frenchum,26-Aug-1964,Female,00 Northwestern Terrace,Oakland,CA,94616
567,Merridie,Kinson,15-Jul-1958,Female,6 Hazelcrest Place,San Francisco,CA,94110
568,Mick,Wakeman,10-Jun-1978,Male,2869 Swallow Lane,Sacramento,CA,95818
569,Terrill,Mandal,18-Jun-1988,Male,85 Nelson Pass,Honolulu,HI,96850
570,Nikki,Speed,23-Oct-1940,Male,61 Lakewood Alley,Long Beach,CA,90810
571,Saundra,Kemwal,12-Jun-1986,Female,46196 Schmedeman Lane,Cincinnati,OH,45271
572,Vally,Beavis,05-Jun-1985,Female,88720 Muir Crossing,Reno,NV,89550
573,Duff,Fawley,16-Feb-1977,Male,15 Mandrake Hill,Mobile,AL,36616
574,Lora,Squire,01-Apr-1983,Female,9 Service Parkway,Las Vegas,NV,89140
575,Cathryn,Pizey,20-Oct-1965,Female,433 Golf Hill,Tallahassee,FL,32399
576,Nevile,Corpe,30-May-1952,Male,6 Hallows Point,Akron,OH,44329
577,Loraine,Stanyforth,20-Jan-1947,Female,3 Sunfield Junction,Tampa,FL,33620
578,Cecil,Leahair,15-Dec-1967,Female,71710 American Ash Crossing,Oklahoma City,OK,73167
579,Wye,Shurey,10-Jan-1975,Male,797 Independence Hill,Fort Smith,AR,72905
580,Rickey,Sherburn,20-Jul-1983,Male,5 Milwaukee Crossing,Saginaw,MI,48609
581,Ola,Gretton,13-Aug-1978,Female,2894 Jackson Center,Winston Salem,NC,27150
582,Dalston,Brobyn,05-Jan-1947,Male,91809 Michigan Way,Philadelphia,PA,19120
583,Trace,Grandin,17-Jul-2001,Male,3 Knutson Circle,Mc Keesport,PA,15134
584,Iormina,Jeger,17-Dec-1993,Female,68 Warrior Court,Chicago,IL,60630
585,Ravid,Ditch,31-Mar-1960,Male,7616 Arizona Pass,Portland,OR,97221
586,Mattheus,Whetland,11-Apr-1976,Male,3653 Aberg Park,Reno,NV,89519
587,August,Postlethwaite,30-Dec-1960,Male,8668 Atwood Point,Denver,CO,80228
588,Marlee,Heinemann,10-Nov-1984,Female,68579 Kings Center,Boston,MA,02298
589,Lauritz,Wilkowski,17-Jan-1984,Male,6 Service Plaza,Birmingham,AL,35215
590,Irwinn,Giampietro,11-Feb-1943,Male,6005 Lukken Parkway,Springfield,IL,62764
591,Powell,Toler,26-Aug-2000,Male,3 Novick Junction,Watertown,MA,02472
592,Frazier,Holburn,07-Oct-1955,Male,7555 Lindbergh Lane,Atlanta,GA,30343
593,Zorine,Vigietti,18-Aug-1987,Female,4 Portage Center,Long Beach,CA,90805
594,Trip,Gurnay,08-Jan-1997,Male,5 Hauk Terrace,Fort Collins,CO,80525
595,Scott,Duggen,03-Dec-1942,Male,4 Havey Terrace,Saint Louis,MO,63180
596,Allin,Baythrop,05-Apr-1971,Male,57 Arrowood Plaza,Madison,WI,53716
597,Odella,Blackhall,09-Jul-1987,Female,084 Northridge Lane,Washington,DC,20414
598,Kayne,Letty,07-Oct-1994,Male,27 Waubesa Plaza,San Diego,CA,92160
599,Lin,Suett,13-Mar-1940,Female,47 Melrose Hill,Merrifield,VA,22119
600,Nikkie,Dally,20-Apr-1980,Female,5858 Dayton Place,Las Vegas,NV,89145
601,Griffy,Dudeney,13-Dec-1995,Male,881 Bonner Terrace,Raleigh,NC,27605
602,Livvie,Andresser,02-Dec-1941,Female,9107 Clemons Crossing,Jacksonville,FL,32209
603,Carol-jean,Walne,30-Sep-1983,Female,86912 Lake View Circle,Orlando,FL,32819
604,Richy,Kibel,24-Jan-1982,Male,921 Fremont Center,Minneapolis,MN,55402
605,Eddie,Spillman,02-Oct-1994,Female,162 Alpine Place,Topeka,KS,66629
606,Shepherd,Barlace,14-Mar-1955,Male,982 Laurel Circle,San Francisco,CA,94132
607,Fabe,Jouhandeau,16-Jan-1986,Male,88 Moose Hill,Oakland,CA,94627
608,Odelinda,Lineker,01-May-1962,Female,51 Mccormick Court,San Francisco,CA,94121
609,Yorgos,Philbin,27-Jan-1984,Male,09859 Thackeray Court,Roanoke,VA,24004
610,Mellie,Honack,26-Aug-1946,Female,978 Northland Circle,Cincinnati,OH,45243
611,Andrus,Tapton,28-Feb-1965,Male,713 Mayfield Court,Birmingham,AL,35290
612,Veronika,Silson,18-Jun-1973,Female,5 Mccormick Crossing,Elizabeth,NJ,07208
613,Edmon,Antram,10-Jan-1964,Male,892 Almo Center,Fort Worth,TX,76178
614,Wash,Rumke,07-Nov-1959,Male,9464 Mifflin Plaza,Gainesville,FL,32627
615,Jacklin,Eyers,24-May-1956,Female,5802 Browning Hill,Chicago,IL,60697
616,Aurie,Habard,31-May-1967,Female,630 Saint Paul Crossing,Fort Lauderdale,FL,33320
617,Fielding,Firby,01-Oct-1972,Male,5 2nd Way,Bloomington,IN,47405
618,Dot,Kuhnt,10-May-1995,Female,32402 Welch Plaza,Bradenton,FL,34205
619,Filip,Groundwater,25-Aug-1990,Male,634 Ramsey Lane,Washington,DC,20566
620,Dee,Carletti,28-Mar-1969,Female,5576 Dunning Center,Portland,OR,97206
621,Germayne,Weitzel,16-Apr-1976,Male,8658 Oak Valley Parkway,Whittier,CA,90605
622,Deny,Mostyn,03-Aug-1952,Female,7667 Acker Way,Little Rock,AR,72231
623,Teri,Roydon,19-Jun-1966,Female,78174 Brentwood Pass,Washington,DC,20046
624,Farrand,Degoy,01-Nov-1965,Female,515 Kipling Junction,Minneapolis,MN,55428
625,Marijn,Longshaw,04-Nov-1948,Male,4 Derek Drive,Clearwater,FL,34615
626,Sher,Bowerbank,05-Jan-1982,Female,06361 7th Hill,Corpus Christi,TX,78465
627,Shela,Stailey,12-Jun-1947,Female,14 Blackbird Terrace,Bronx,NY,10454
628,Judas,Deeley,07-Oct-1970,Male,1 Forster Park,Sacramento,CA,95823
629,Marc,Rothschild,03-Jan-1990,Male,991 Kings Circle,Miami,FL,33134
630,Burg,Branchett,12-Aug-1995,Male,1 Lunder Pass,Washington,DC,20062
631,Shelley,Cavozzi,24-Jan-1959,Female,5 Buena Vista Lane,Fresno,CA,93709
632,Ree,Donwell,15-Nov-1972,Female,682 Banding Parkway,Colorado Springs,CO,80925
633,Nanci,Butcher,08-Dec-1992,Female,17848 Nevada Drive,Indianapolis,IN,46231
634,Chico,Apdell,01-Jan-1969,Male,6 Kropf Parkway,San Diego,CA,92137
635,Ahmed,Guislin,02-Mar-1978,Male,8 Coolidge Park,New York City,NY,10155
636,Elnar,Goshawke,25-Jul-1948,Male,91 Messerschmidt Way,Saint Louis,MO,63158
637,Lucilia,Hamshere,15-Mar-1997,Female,7 Badeau Junction,Missoula,MT,59806
638,Kevon,Luberto,06-Aug-1995,Male,3 Amoth Hill,New York City,NY,10090
639,Hillie,Buyers,13-Jun-1986,Male,0 Eagle Crest Alley,El Paso,TX,79977
640,Tadd,Kramer,25-Mar-1989,Male,5 Spohn Point,Appleton,WI,54915
641,Larina,Pooly,20-Nov-1982,Female,77826 Melrose Parkway,Mesa,AZ,85205
642,Hillyer,Gerner,18-Nov-1982,Male,25300 Maywood Parkway,Honolulu,HI,96820
643,Feliks,Delamere,12-Oct-1947,Male,9 Schurz Place,Orlando,FL,32868
644,Jackqueline,Cunnow,28-Nov-1961,Female,530 Browning Crossing,Cincinnati,OH,45223
645,Daryn,Benzi,14-Apr-1977,Female,63 Rigney Alley,Kalamazoo,MI,49048
646,Marylynne,Calven,19-Jan-1944,Female,8 Fulton Court,Boca Raton,FL,33499
647,Brandy,Stocker,30-Jan-1979,Female,4 Del Mar Junction,Baton Rouge,LA,70820
648,Laurent,Walles,10-Oct-1973,Male,809 Armistice Crossing,Tacoma,WA,98464
649,Nealon,Cornewell,20-Sep-1961,Male,2791 Hollow Ridge Court,Oxnard,CA,93034
650,Armand,Jakoub,26-Feb-1951,Male,9994 Oxford Street,Mobile,AL,36689
651,Eileen,Dixson,04-Apr-1975,Female,0 Almo Plaza,Spokane,WA,99220
652,Marion,Anthoney,20-Oct-1951,Female,0826 Schlimgen Pass,Brooksville,FL,34605
653,Morse,Guillard,17-May-1963,Male,314 Banding Way,Olympia,WA,98506
654,Marietta,Mearns,02-Feb-1997,Female,9 Elmside Terrace,Young America,MN,55564
655,Lewiss,Hurn,30-Jan-1970,Male,91537 Washington Terrace,Pensacola,FL,32526
656,Gerta,Black,17-Oct-1956,Female,4 Di Loreto Pass,Minneapolis,MN,55470
657,Clerc,Keeves,23-Mar-1973,Male,64 Derek Point,Baltimore,MD,21211
658,Darwin,Baker,03-Feb-1963,Male,2 Hintze Point,Los Angeles,CA,90055
659,Codi,Newrick,08-Jan-1997,Female,864 Elmside Trail,Aurora,IL,60505
660,Latrina,Elcoate,20-Jul-1992,Female,0535 Springview Parkway,Fort Lauderdale,FL,33336
661,Cecilius,Misk,29-Jun-1983,Male,1618 Clove Place,Philadelphia,PA,19196
662,Jose,Gittus,23-Oct-1958,Male,4 Meadow Valley Crossing,Pueblo,CO,81010
663,Cleve,Sarvar,08-Nov-1949,Male,2 Monterey Crossing,Washington,DC,20260
664,Mireielle,Trimmell,11-Dec-1975,Female,2939 Doe Crossing Lane,Miami,FL,33245
665,Carol-jean,Musterd,24-Apr-1969,Female,3329 Bartillon Hill,Spokane,WA,99252
666,Seamus,Bowell,19-Nov-1992,Male,81 Fordem Court,Sacramento,CA,94263
667,Paulie,Ketch,17-Apr-1945,Male,61004 Granby Park,Reno,NV,89505
668,Taddeusz,Kipling,02-Feb-1948,Male,47894 Maple Wood Parkway,West Palm Beach,FL,33421
669,Phoebe,Guirau,22-Sep-1943,Female,8765 Becker Road,Atlanta,GA,30351
670,Andrus,Mc Combe,22-Feb-1950,Male,94 Pearson Park,Winston Salem,NC,27157
671,Pancho,Tschirasche,11-Feb-1957,Male,50 Corben Drive,Orlando,FL,32835
672,Toddie,Beat,05-Aug-1994,Male,3895 Debra Trail,Spring,TX,77386
673,Vassily,Emes,05-Mar-1977,Male,39 Cascade Center,Pittsburgh,PA,15230
674,Ellissa,Bysh,10-Dec-1978,Female,416 Beilfuss Parkway,Punta Gorda,FL,33982
675,Ophelie,Wilcocke,02-Apr-1954,Female,473 Lawn Junction,Oklahoma City,OK,73190
676,Johnath,Dolling,08-Jul-1953,Female,7 Express Drive,San Antonio,TX,78296
677,Torey,Mountjoy,06-Aug-1984,Male,4326 Reinke Alley,Hollywood,FL,33023
678,Berkly,D'Alesco,09-Jan-1965,Male,21362 Little Fleur Pass,Concord,CA,94522
679,Abigail,Gascoyen,29-Jun-1967,Female,725 Loftsgordon Alley,Abilene,TX,79699
680,Denis,Seide,24-Jun-1993,Male,397 Mallory Circle,New York City,NY,10175
681,Lenna,Swepson,24-Mar-1979,Female,4 Hoard Way,Portland,OR,97216
682,Lionello,Nend,21-Dec-1997,Male,40558 Crescent Oaks Park,New York City,NY,10014
683,Ermin,Kerfoot,30-Dec-1984,Male,68 Ramsey Center,Corpus Christi,TX,78405
684,Wiatt,Beden,24-Dec-1980,Male,45775 Express Lane,Orange,CA,92867
685,Philomena,Valentino,13-Jan-1950,Female,1 Fair Oaks Point,Topeka,KS,66617
686,Witty,Insall,01-Jun-1943,Male,6 Dwight Place,Washington,DC,20078
687,Verne,Saban,03-Aug-1964,Male,7 Hermina Trail,Colorado Springs,CO,80995
688,Damian,Trussler,21-Apr-1990,Male,45174 Hudson Circle,Washington,DC,20436
689,Barney,Churchill,08-May-1968,Male,3616 Pleasure Crossing,Lansing,MI,48956
690,Hetty,Consterdine,24-Apr-1975,Female,1167 Manitowish Parkway,Fargo,ND,58122
691,Richart,Annis,21-Sep-1951,Male,845 Texas Street,Pueblo,CO,81015
692,Marlow,Signorelli,02-Dec-1947,Male,7 Rutledge Road,Lees Summit,MO,64082
693,Lucilia,Fiddy,20-Oct-1989,Female,7907 Leroy Court,Richmond,VA,23289
694,Dania,Olden,09-Apr-1942,Female,9 Schlimgen Drive,Seattle,WA,98148
695,Micheline,McGannon,21-Aug-1940,Female,8 Delaware Lane,Fort Myers,FL,33994
696,Keri,Dummer,26-Dec-1955,Female,2 Upham Drive,Fort Lauderdale,FL,33330
697,Jenine,Sweetland,14-Jun-1950,Female,2 Warner Court,Littleton,CO,80161
698,Lorette,Snead,31-Mar-1962,Female,84630 Hallows Crossing,Washington,DC,20575
699,Andriette,Pavier,29-Nov-2001,Female,48706 Shopko Crossing,Silver Spring,MD,20910
700,Maurizio,Leonida,20-Dec-1940,Male,36940 Cottonwood Alley,Colorado Springs,CO,80915
701,Lindie,Ascrofte,26-Oct-1948,Female,3 Fairview Way,Shreveport,LA,71130
702,Waly,Tebbitt,14-Jun-1984,Female,978 Waubesa Road,Gilbert,AZ,85297
703,Jayme,Earingey,19-Feb-1965,Male,80 Anhalt Road,Washington,DC,20575
704,Brod,Tacker,16-Jul-1998,Male,10 Sachtjen Circle,Baltimore,MD,21282
705,Fabien,Agglio,26-Feb-1966,Male,7256 Lunder Park,New York City,NY,10019
706,Philip,Pandie,30-Apr-1992,Male,815 Fallview Alley,Bradenton,FL,34210
707,Kellsie,Woodburn,16-May-1990,Female,9 Kim Hill,Macon,GA,31217
708,Ginger,Whale,10-Mar-1997,Female,2 Cardinal Parkway,Richmond,CA,94807
709,Chaddy,Bougen,23-Mar-1954,Male,3333 Fallview Terrace,New Orleans,LA,70124
710,Vito,Dunnett,25-Jun-1940,Male,63379 Sugar Alley,Kansas City,KS,66160
711,Nichol,Dethloff,26-Dec-1987,Female,6 Debs Place,Oklahoma City,OK,73147
712,Ingar,Matcham,14-Jan-1943,Male,4 International Avenue,Beaumont,TX,77705
713,Alano,Ivanin,08-Nov-1997,Male,7 Lerdahl Terrace,Colorado Springs,CO,80925
714,Jacinda,Losemann,30-Nov-1995,Female,0 Delladonna Trail,Knoxville,TN,37995
715,Gayler,Pinkard,31-Jul-1968,Male,035 Hoard Crossing,Anchorage,AK,99599
716,Gertrude,Bruton,17-Jul-1984,Female,84 Butterfield Park,Omaha,NE,68144
717,Marie,Mapston,30-Oct-1966,Female,2 Huxley Street,Miami,FL,33169
718,Paulie,Palleske,28-Feb-1952,Female,17003 Norway Maple Crossing,Toledo,OH,43635
719,Carline,Key,07-Jan-2000,Female,97760 Chinook Road,Colorado Springs,CO,80930
720,Noelyn,Clemett,21-Jul-1957,Female,0892 Badeau Avenue,Brooklyn,NY,11215
721,Reina,Miquelet,26-May-1951,Female,122 Coolidge Parkway,Fullerton,CA,92835
722,Pansie,Spillard,24-Nov-1943,Female,98468 Lighthouse Bay Place,Jacksonville,FL,32220
723,Kippar,Highnam,11-Feb-1962,Male,6 Bobwhite Plaza,Washington,DC,20319
724,Chrysler,Pentland,10-May-1978,Female,85293 Del Mar Trail,Monticello,MN,55565
725,Agustin,Hanbury,11-Feb-1965,Male,9 Grover Lane,Fort Wayne,IN,46857
726,Aluin,McClintock,10-Sep-1947,Male,2822 Hallows Junction,Washington,DC,20268
727,Aigneis,Hospital,21-Jul-1978,Female,42419 Morningstar Crossing,Brockton,MA,02405
728,Waneta,Fliege,12-May-1954,Female,1 Cottonwood Center,Sioux Falls,SD,57105
729,Myron,Hartshorne,29-May-1999,Male,1 Dovetail Court,Houston,TX,77281
730,Marillin,Berry,20-Sep-1995,Female,12 Bashford Center,Grand Rapids,MI,49518
731,Marcellus,Berthome,02-Jun-1977,Male,4 Morningstar Hill,Huntsville,AL,35805
732,Yoshi,Drummond,01-Oct-1971,Female,75 Gale Point,Valley Forge,PA,19495
733,Del,Gwillym,09-Oct-1940,Male,8 Warrior Center,Washington,DC,20557
734,Sydney,Blum,26-Oct-1941,Female,328 Superior Terrace,Panama City,FL,32412
735,Dunc,Bavester,01-Feb-1982,Male,4 Warner Terrace,White Plains,NY,10606
736,Vail,Cliburn,26-Feb-1961,Male,69 Gina Drive,Montgomery,AL,36109
737,Chan,Powdrill,31-Jan-1968,Male,5 Wayridge Lane,Saint Louis,MO,63180
738,Tatiania,Baudry,15-Mar-1952,Female,160 Bluestem Crossing,Phoenix,AZ,85099
739,Judas,Elgood,22-Jun-1949,Male,4010 Mandrake Road,Roanoke,VA,24040
740,Peggy,Walton,20-Sep-1957,Female,99 Moland Center,Syracuse,NY,13251
741,Heindrick,Blazy,29-Dec-1996,Male,366 Havey Park,New Haven,CT,06538
742,Lazarus,Borell,16-Apr-1976,Male,65805 Arrowood Drive,Nashville,TN,37215
743,Ravid,Feehely,11-Dec-1974,Male,98745 Sutteridge Parkway,Reno,NV,89550
744,Nerissa,Barcke,24-Oct-1967,Female,01 Mariners Cove Alley,Saint Joseph,MO,64504
745,Gelya,Stonestreet,06-Jan-1947,Female,512 Mitchell Hill,Fort Worth,TX,76129
746,Kermy,Kilbane,26-Nov-1964,Male,2 Acker Street,Clearwater,FL,34620
747,Boone,Morillas,13-Dec-1978,Male,72845 Sunfield Circle,Houston,TX,77206
748,Alyse,Peschet,26-May-1965,Female,2669 Spohn Way,Shawnee Mission,KS,66205
749,Melosa,Betun,05-Apr-2002,Female,70583 Spenser Hill,Bethesda,MD,20892
750,Bastien,Pottes,26-Jul-1949,Male,7053 Summit Parkway,Harrisburg,PA,17121
751,Iggy,O'Sculley,08-May-1982,Male,9 Sauthoff Avenue,Sacramento,CA,95852
752,Darrick,Riddle,31-Oct-1970,Male,19497 Monterey Way,Dayton,OH,45426
753,Tonya,Cain,17-Jul-1941,Female,87866 Brickson Park Drive,Pittsburgh,PA,15240
754,Brock,Cartmale,23-Aug-1962,Male,20 Fallview Alley,Miami,FL,33147
755,Rosemonde,Raeburn,16-Mar-1948,Female,35212 Wayridge Court,Fort Wayne,IN,46852
756,Dalila,Tubbles,23-Apr-2000,Female,064 Texas Pass,Kent,WA,98042
757,Annelise,Augustine,14-Nov-1996,Female,69 Melvin Alley,Redwood City,CA,94064
758,Maryanna,Duckit,07-Sep-1944,Female,3379 Summer Ridge Road,Valdosta,GA,31605
759,Franzen,Kemish,15-Jun-1952,Male,4843 Cottonwood Plaza,Pasadena,CA,91109
760,Rodrigo,Mc Coughan,04-Jul-1979,Male,9 Kropf Hill,Tulsa,OK,74170
761,Valerie,Stoffel,07-Nov-1977,Female,7239 Ryan Way,Boca Raton,FL,33499
762,Harriette,Hlavecek,19-Jan-1974,Female,75 Messerschmidt Place,Meridian,MS,39305
763,Carl,Kemish,01-May-1976,Male,5652 Wayridge Center,Zephyrhills,FL,33543
764,Revkah,Coopman,18-Jul-1998,Female,7982 Northridge Parkway,Jacksonville,FL,32259
765,Daffi,Shutte,04-Jan-1996,Female,11406 Del Mar Parkway,Jacksonville,FL,32204
766,Adorne,Crocker,22-Dec-1947,Female,182 Milwaukee Way,Baton Rouge,LA,70805
767,Janek,Macveigh,29-Jan-1988,Male,941 Northridge Point,Long Beach,CA,90831
768,Hammad,Prescote,16-Apr-1950,Male,192 Kingsford Way,Tulsa,OK,74156
769,Gilli,Mackerness,21-Aug-1955,Female,5 Ohio Plaza,Scottsdale,AZ,85255
770,Eyde,Sturrock,27-Nov-1953,Female,3454 Erie Point,Oklahoma City,OK,73197
771,Emlyn,Bryns,21-Mar-1961,Female,53 Buhler Circle,Amarillo,TX,79118
772,Norman,Derill,22-Jul-1991,Male,8096 Manitowish Place,Alexandria,VA,22301
773,Gillan,Peyto,13-Jan-1942,Female,38 Forest Way,Wilmington,DE,19805
774,Bartolomeo,Ousbie,22-Jul-1996,Male,4 Lakewood Lane,Tucson,AZ,85737
775,Nichol,Syvret,20-Apr-1972,Female,6 Darwin Street,Chattanooga,TN,37410
776,Olivie,Clack,28-Mar-1945,Female,703 Twin Pines Place,Birmingham,AL,35225
777,Tracey,Kunat,14-Apr-1970,Male,090 Clove Junction,Fresno,CA,93740
778,Mariana,Donohoe,26-Oct-1958,Female,836 Thierer Terrace,Warren,OH,44485
779,Kenny,Dankov,01-Dec-1957,Male,1857 Bunker Hill Drive,Springfield,MO,65805
780,Hubie,Biggin,29-Nov-1960,Male,60 Hansons Alley,Jamaica,NY,11436
781,Whitaker,Bonnier,27-Sep-1942,Male,16444 Kenwood Park,Elmira,NY,14905
782,Boony,Van den Hof,06-Sep-1994,Male,603 Magdeline Lane,San Bernardino,CA,92405
783,Nananne,Fairpool,25-Mar-1959,Female,30158 Forster Drive,Richmond,VA,23213
784,Cosme,Zywicki,17-Dec-1967,Male,745 Mandrake Lane,Tampa,FL,33620
785,Thomasina,Turnor,30-Oct-1952,Female,9 Mandrake Pass,Fort Smith,AR,72905
786,Idaline,Buttrum,09-Nov-1986,Female,940 Hermina Parkway,Minneapolis,MN,55412
787,Alexandro,Cammell,06-Jan-1951,Male,5019 Independence Trail,Philadelphia,PA,19093
788,Ezekiel,Gumby,27-Nov-1958,Male,4705 Gale Court,Silver Spring,MD,20910
789,Monro,Kem,31-Jan-1966,Male,528 Shopko Circle,Albany,NY,12255
790,Briggs,Mesias,17-Oct-1944,Male,8 Monument Court,Fairfax,VA,22036
791,Jeanne,Shenley,08-Nov-1959,Female,4 Glendale Place,Burbank,CA,91505
792,Lindsay,MacLachlan,16-Oct-1985,Male,8 Jenifer Court,Cincinnati,OH,45233
793,Burnaby,Semaine,23-Mar-1949,Male,6029 Straubel Point,New York City,NY,10004
794,Maia,Tithacott,21-Mar-1973,Female,413 Twin Pines Terrace,Boston,MA,02119
795,Almeria,Sex,20-Mar-1990,Female,30405 Schmedeman Place,Portsmouth,NH,03804
796,Cleon,Heugle,14-Jun-1951,Male,076 Kedzie Crossing,Baton Rouge,LA,70894
797,Elberta,Stubbeley,12-Aug-1984,Female,2380 Bashford Road,Atlanta,GA,30343
798,Brooke,Reinisch,23-Apr-1955,Male,5091 Bobwhite Terrace,Baltimore,MD,21211
799,Muhammad,Camoletto,05-Sep-1990,Male,76 Independence Crossing,Naples,FL,34102
800,Keenan,Trevor,08-Jun-1952,Male,74689 Spohn Junction,Tallahassee,FL,32309
801,Felipe,MacKeeg,02-Sep-1992,Male,3245 Haas Court,New Orleans,LA,70154
802,Ruprecht,Wudeland,21-Aug-1966,Male,12780 Ohio Drive,Charlotte,NC,28284
803,Casey,Brinicombe,19-Jan-1941,Male,3 Porter Center,Fort Lauderdale,FL,33336
804,Dani,Schade,18-Jun-1956,Female,2885 Westerfield Way,El Paso,TX,79911
805,Levey,Simson,23-Mar-1992,Male,17239 Morningstar Court,Washington,DC,20470
806,Dewie,Hendriks,26-Nov-1960,Male,531 Londonderry Junction,Atlanta,GA,30316
807,Purcell,Ashwell,29-Mar-1943,Male,7186 Stoughton Crossing,Portland,OR,97201
808,Nicoline,Bottom,02-Dec-1975,Female,75451 Dryden Alley,New York City,NY,10034
809,Gaven,Petran,02-Apr-1964,Male,1 Eastlawn Circle,Brooklyn,NY,11247
810,Laurel,Rutley,11-Jan-1982,Female,069 Erie Terrace,Richmond,VA,23293
811,Lorie,Reveland,06-May-1960,Female,5 Mariners Cove Alley,Springfield,IL,62711
812,Petr,Lody,10-Nov-1952,Male,90083 Mayer Alley,Duluth,GA,30195
813,Terence,Merrilees,19-Mar-1986,Male,14900 Luster Junction,Memphis,TN,38168
814,Merridie,Whitton,09-Sep-1947,Female,978 Ronald Regan Point,Gainesville,FL,32605
815,Caldwell,Dearth,15-May-1996,Male,630 Everett Court,Albuquerque,NM,87115
816,Kerr,Groveham,03-Jun-1976,Male,9 Summerview Road,Temple,TX,76505
817,Alfonso,Ethridge,16-Jan-1981,Male,92682 Sycamore Way,Sacramento,CA,95833
818,Saree,Allred,25-Jan-1997,Female,6 Spenser Circle,Sacramento,CA,94237
819,Bo,Lacroux,16-Aug-1994,Male,697 Meadow Valley Court,Austin,TX,78726
820,Edgardo,Stigger,28-Jun-1986,Male,5 Merchant Crossing,Pensacola,FL,32590
821,Fidelia,Gooders,31-Jan-1975,Female,6965 Moose Crossing,Saint Petersburg,FL,33742
822,Montague,Hallan,08-Oct-1989,Male,5 Miller Drive,Wichita,KS,67230
823,Kathlin,Windows,29-Jan-2001,Female,922 Canary Crossing,Madison,WI,53726
824,Waly,Mardling,04-Nov-1960,Female,89 Reindahl Terrace,Fort Wayne,IN,46805
825,Leia,Macek,05-Mar-1960,Female,806 Homewood Park,Saint Louis,MO,63150
826,Osbourne,Crayden,29-Mar-1968,Male,5 Kennedy Alley,Lake Charles,LA,70607
827,Brod,Cattermoul,18-Jul-1979,Male,25 Southridge Trail,Charleston,WV,25336
828,Grover,Mattacks,14-Feb-1985,Male,98674 Green Ridge Park,Champaign,IL,61825
829,Tracy,Lawly,18-Aug-1947,Male,9 Huxley Junction,Jamaica,NY,11447
830,Geri,Nelthorp,15-Mar-1980,Male,6 Longview Place,Simi Valley,CA,93094
831,Eleanore,Maillard,30-Apr-1995,Female,08844 Jay Court,Minneapolis,MN,55412
832,Moina,Bahike,27-Aug-2001,Female,95328 Daystar Point,Richmond,VA,23228
833,Eldredge,Napier,07-Feb-1991,Male,9368 Daystar Drive,Springfield,MA,01105
834,Moyra,Philp,26-Nov-1965,Female,74535 Kennedy Way,Chicago,IL,60674
835,Philipa,Weildish,13-Jun-1986,Female,2 Crescent Oaks Circle,Memphis,TN,38104
836,Bunny,Locke,06-Dec-1953,Female,0 Farwell Place,Washington,DC,20268
837,Geoffrey,De Nisco,17-Mar-1961,Male,66511 Daystar Hill,Erie,PA,16534
838,Bess,Deinhard,05-May-1978,Female,7 Darwin Crossing,Gulfport,MS,39505
839,Othello,Ferrotti,10-Sep-1947,Male,25 Farwell Lane,Young America,MN,55551
840,Northrup,Dendon,05-Dec-1988,Male,51 Loomis Lane,Seattle,WA,98175
841,Kandy,Tummasutti,06-Sep-1997,Female,81 Buhler Plaza,Racine,WI,53405
842,Moyra,Samuel,14-Dec-1971,Female,9 Harper Street,Berkeley,CA,94712
843,Munmro,Fidian,28-May-1964,Male,932 Maple Wood Alley,Newport News,VA,23605
844,Moshe,Iacofo,07-Nov-1960,Male,567 Mcguire Lane,Columbia,SC,29225
845,Jaye,Offer,20-Jul-1966,Male,0 Mayer Crossing,Orange,CA,92867
846,Shelby,Dawdary,18-Jun-1983,Female,25 Tony Center,Harrisburg,PA,17126
847,Vance,Longthorn,07-Aug-1944,Male,9188 4th Park,Pensacola,FL,32511
848,Erich,Tennick,15-Oct-1981,Male,5557 Granby Place,Los Angeles,CA,90189
849,Kimberly,Ventom,04-Aug-1947,Female,76 Loeprich Place,Dallas,TX,75231
850,Karilynn,Jenne,13-Jul-1994,Female,6329 Pennsylvania Lane,Irving,TX,75062
851,Ambrosio,Selway,05-Sep-1945,Male,35127 Acker Alley,Detroit,MI,48258
852,Vally,Ivashkin,30-Aug-1964,Female,0 Everett Plaza,San Jose,CA,95138
853,Martica,Doerffer,03-Jan-1954,Female,3975 Katie Street,Riverside,CA,92513
854,Daloris,Matteoni,06-Oct-1960,Female,25 Morningstar Pass,New Orleans,LA,70116
855,Mychal,Crossthwaite,10-Nov-1963,Male,565 Homewood Point,North Hollywood,CA,91606
856,Gaelan,Verrall,15-Feb-1987,Male,26048 Atwood Avenue,San Jose,CA,95138
857,Zane,Counsell,07-Feb-1979,Male,7 Northwestern Crossing,Wilkes Barre,PA,18768
858,Wolfy,Thayre,11-Oct-1977,Male,8201 Butternut Park,Miami,FL,33134
859,Hadrian,Hadden,07-Sep-1976,Male,81 Division Plaza,New York City,NY,10203
860,Andy,Kenwrick,16-Mar-1954,Female,45295 Merry Junction,Virginia Beach,VA,23454
861,Flossie,Taylo,25-Aug-1960,Female,733 Kinsman Parkway,Saint Petersburg,FL,33737
862,Emalia,Ortells,14-Jun-1971,Female,42 Doe Crossing Terrace,Huntsville,AL,35815
863,Isak,Voyce,31-Jul-1982,Male,68 Kedzie Point,Mountain View,CA,94042
864,Aldus,Wright,07-Sep-1984,Male,32120 Merrick Lane,Kent,WA,98042
865,Burt,Thick,01-May-1957,Male,9 Eagle Crest Road,Minneapolis,MN,55412
866,Mirabel,Blanque,10-Oct-1987,Female,754 Parkside Terrace,Knoxville,TN,37914
867,Gerri,Norrey,07-Feb-1969,Female,200 Northfield Parkway,Henderson,NV,89074
868,Jammal,Deacon,08-Oct-1990,Male,8597 Moose Trail,Fort Worth,TX,76198
869,Rosanna,Blannin,24-Dec-1974,Female,607 Pankratz Point,Newark,NJ,07112
870,Alix,Cambell,14-Jul-1940,Male,08 Texas Avenue,Indianapolis,IN,46216
871,Liza,Greenroad,10-Dec-1955,Female,7617 Mccormick Point,Las Vegas,NV,89160
872,Vanya,Kaubisch,19-Jun-1943,Female,21 Katie Avenue,Fargo,ND,58122
873,Moreen,Lyons,07-Dec-1966,Female,1691 Muir Trail,Englewood,CO,80150
874,Leigha,Biddles,02-Mar-1959,Female,75 Pleasure Point,Nashville,TN,37240
875,Hobart,Hartus,31-Oct-1995,Male,9646 Shopko Street,Oklahoma City,OK,73157
876,Dennie,Formoy,25-Sep-1969,Female,6861 Everett Park,Abilene,TX,79699
877,Fredric,Allenby,19-Jan-1979,Male,13415 Schmedeman Court,Omaha,NE,68105
878,Victoria,Hurll,17-Apr-1979,Female,3218 Carberry Circle,Topeka,KS,66611
879,Andy,Reckless,14-Jan-1966,Male,3 Warbler Park,Dallas,TX,75387
880,Wynnie,Garretson,18-Jan-1946,Female,82349 Knutson Circle,Grand Rapids,MI,49518
881,Harmony,Leyshon,02-Sep-1959,Female,15783 Onsgard Terrace,Huntington,WV,25770
882,Niccolo,Platts,25-Jun-1961,Male,2 Sullivan Alley,Charlotte,NC,28230
883,Duke,Wardhaw,10-May-1981,Male,9099 Merchant Place,Madison,WI,53726
884,Keary,Fice,28-Mar-2002,Male,5 Express Plaza,Orange,CA,92668
885,Brigg,O'Leagham,16-Mar-1971,Male,2 Hazelcrest Road,Las Vegas,NV,89115
886,Theresa,Townsley,25-Aug-1986,Female,1777 Canary Way,San Antonio,TX,78245
887,Cicely,Steanyng,27-Mar-1999,Female,85 Magdeline Avenue,Littleton,CO,80126
888,Desmond,Rangall,07-Sep-1978,Male,698 Lerdahl Drive,San Francisco,CA,94110
889,My,Keniwell,26-Jan-2000,Male,3 Bluestem Way,Buffalo,NY,14220
890,Woodman,Featherstonhaugh,13-Feb-1970,Male,28164 Gina Parkway,Cleveland,OH,44177
891,Jerad,Sizzey,04-Apr-1979,Male,0172 Debs Court,Shawnee Mission,KS,66220
892,Roland,Yellowlea,04-May-1982,Male,85115 Vidon Park,Washington,DC,20016
893,Crissie,Bordis,04-Oct-1993,Female,540 Scott Road,Lawrenceville,GA,30245
894,Fanchette,Taunton.,30-Oct-1979,Female,487 Sachtjen Drive,Mobile,AL,36605
895,Woody,Gasken,10-Oct-1993,Male,53 Welch Avenue,El Paso,TX,88584
896,Vic,Rosi,22-Jul-1968,Male,2 Oak Valley Drive,New Haven,CT,06520
897,Henderson,Riteley,25-Nov-1974,Male,7554 Truax Circle,Wichita,KS,67210
898,Emeline,Dowsey,19-May-1991,Female,01 2nd Trail,Norfolk,VA,23509
899,Shalom,Tevelov,08-Jun-1940,Male,33725 Cambridge Road,Buffalo,NY,14233
900,Thalia,Tomlett,10-Feb-1985,Female,92 Fremont Avenue,New York City,NY,10009
901,Trescha,Stell,14-Mar-1999,Female,026 Northfield Place,Philadelphia,PA,19191
902,Jorey,Strover,10-Jul-1960,Female,197 Morning Road,Inglewood,CA,90310
903,Raymond,Risebrow,07-May-1969,Male,09 Riverside Court,Albany,NY,12242
904,Wash,Klimowski,18-Nov-1949,Male,50 South Parkway,Washington,DC,20205
905,Egan,Stanion,12-May-1971,Male,8 Holy Cross Crossing,Anchorage,AK,99517
906,Frederigo,Knewstubb,09-Dec-1987,Male,6 Butternut Center,Montgomery,AL,36109
907,Adler,Jones,17-Jul-1945,Male,26537 Drewry Alley,Cleveland,OH,44185
908,Lemmie,Twallin,06-Feb-2000,Male,66784 Melody Crossing,Pasadena,CA,91103
909,Benedict,Bachura,18-Feb-1955,Male,60618 Daystar Way,Orange,CA,92862
910,Dolores,La Torre,26-Jun-1994,Female,8 Weeping Birch Way,Brooksville,FL,34605
911,Forrester,Eckford,25-Dec-1971,Male,04 Orin Road,Houston,TX,77250
912,Karmen,Scole,04-Sep-1972,Female,29316 Red Cloud Crossing,Denver,CO,80270
913,Rebbecca,Van Brug,03-May-1997,Female,056 Old Gate Plaza,Stockton,CA,95210
914,Inglebert,Rowly,02-Apr-1977,Male,1 Carberry Avenue,Seattle,WA,98140
915,Dotti,Measor,19-Apr-1942,Female,1 Melvin Terrace,Saint Louis,MO,63126
916,Bartlett,Kropp,15-Aug-1950,Male,1004 Arapahoe Parkway,Indianapolis,IN,46278
917,Elmo,Hollyland,11-Jul-1999,Male,163 Prentice Circle,Pensacola,FL,32590
918,Clemmy,Jotcham,22-Nov-1993,Female,48 Jackson Street,Amarillo,TX,79116
919,Brucie,Paunsford,01-Apr-1954,Male,6 Meadow Ridge Park,Dallas,TX,75392
920,Tris,Olney,15-Oct-1988,Male,086 Pennsylvania Terrace,Glendale,AZ,85305
921,Duff,Fader,24-Jul-1994,Male,1902 Arrowood Park,Jersey City,NJ,07310
922,Chastity,Bligh,07-Jul-1998,Female,6 Clarendon Way,Miami,FL,33147
923,Germain,Dewer,04-Feb-1948,Male,770 Mayer Alley,Shawnee Mission,KS,66276
924,Ange,Crossby,09-Feb-1976,Female,6 Warbler Pass,Fairbanks,AK,99790
925,Zach,Robet,13-Jun-1990,Male,0141 Garrison Point,Omaha,NE,68124
926,Herold,Seymer,20-May-1999,Male,283 Spaight Street,Provo,UT,84605
927,Emelda,Eastop,27-Feb-1996,Female,83 Evergreen Place,Tacoma,WA,98447
928,Braden,Palfrey,28-Aug-1977,Male,6 Fairfield Plaza,Fort Collins,CO,80525
929,Brenda,Gatley,05-Jul-1947,Female,73 Kenwood Circle,Buffalo,NY,14225
930,Pincas,Weatherill,05-Apr-1975,Male,20 Talisman Park,Houston,TX,77260
931,Giorgi,McLugaish,01-Oct-1954,Male,457 Sycamore Avenue,Canton,OH,44710
932,Lonny,Haskur,22-Apr-1978,Male,9 Amoth Center,Littleton,CO,80126
933,Shalne,Brownsett,04-Mar-2001,Female,06639 Scoville Center,Naples,FL,33961
934,Frederik,Adaway,08-Oct-1947,Male,36 Crownhardt Avenue,Huntington,WV,25709
935,Stacy,Kalinsky,20-May-1976,Male,92295 Northland Court,Independence,MO,64054
936,Paulie,Peasee,21-Mar-1943,Female,46 Merrick Trail,Murfreesboro,TN,37131
937,Silvester,Robinette,02-Sep-1962,Male,8 Heath Junction,San Francisco,CA,94105
938,Briggs,Gorghetto,20-Apr-1943,Male,32 Maple Park,Denver,CO,80241
939,Hatty,Rantoull,31-May-1940,Female,1 Oak Junction,Gainesville,FL,32627
940,Nannie,Abramovic,18-Sep-1964,Female,13 Transport Center,San Bernardino,CA,92405
941,Brenn,Smurfitt,29-Sep-1951,Female,07557 Jay Trail,Silver Spring,MD,20904
942,Ringo,Allsop,27-Jun-1956,Male,19 Eggendart Crossing,Miami,FL,33180
943,Emory,Skittrall,27-Jul-1962,Male,36159 Armistice Hill,Kalamazoo,MI,49048
944,Milo,Bassam,20-Jun-1971,Male,636 Towne Point,Charlottesville,VA,22908
945,Miles,Kloster,22-Sep-1955,Male,1813 Warrior Circle,Amarillo,TX,79176
946,Raddy,Keuntje,11-Jun-1961,Male,07285 Declaration Drive,Pompano Beach,FL,33069
947,Leonard,Vase,15-Dec-1945,Male,2984 Service Drive,Denver,CO,80291
948,Gardiner,Stemson,23-Nov-1959,Male,84316 Pierstorff Road,Birmingham,AL,35254
949,Constantia,Gateley,19-Feb-1978,Female,2182 Oakridge Center,Baton Rouge,LA,70894
950,Renee,Roubeix,03-Jul-1989,Female,6 Pearson Plaza,Los Angeles,CA,90189
951,Lyndy,Spong,13-May-1993,Female,98 Emmet Point,Atlanta,GA,30386
952,Freeland,Wharfe,21-Jul-1940,Male,823 Ridgeview Crossing,Houston,TX,77045
953,Bonni,Brandin,18-Jul-1964,Female,4892 Tennyson Terrace,Garden Grove,CA,92844
954,Jenn,Riquet,14-Aug-1973,Female,7291 Anthes Plaza,Waterbury,CT,06721
955,Lorne,Sygrove,16-Apr-2000,Male,6 Nevada Lane,Odessa,TX,79769
956,Trevar,Songer,04-Mar-1977,Male,88 Sherman Court,Atlanta,GA,30311
957,Isador,Willoughway,06-Mar-1962,Male,50130 Calypso Center,Indianapolis,IN,46254
958,Raleigh,Preston,15-Feb-2002,Male,15854 Crownhardt Hill,Brooklyn,NY,11220
959,Sammy,Rowntree,14-Jan-1978,Male,8 Raven Way,Raleigh,NC,27658
960,Anna-diane,Rozier,29-Aug-1990,Female,320 Boyd Center,Greenville,SC,29605
961,Adam,Cadagan,02-Jul-2000,Male,56046 Northview Pass,Cleveland,OH,44125
962,Anne-corinne,Little,20-Jun-1947,Female,437 Ohio Parkway,San Antonio,TX,78296
963,Austin,Hammant,04-May-1980,Male,556 Alpine Park,Peoria,IL,61656
964,Noellyn,Agdahl,15-Sep-1968,Female,35 Hermina Court,Washington,DC,20370
965,Lorant,Southeran,16-Sep-1976,Male,03 Warrior Place,Lancaster,PA,17622
966,Van,Andrivot,20-Sep-1952,Female,22142 Lotheville Street,Saint Paul,MN,55115
967,Hillyer,Copper,13-Jan-1966,Male,55854 Tony Parkway,Sarasota,FL,34233
968,Beltran,Norwell,19-Jul-1948,Male,44112 Lighthouse Bay Point,Alpharetta,GA,30022
969,Haywood,Mennell,22-Oct-1962,Male,44 Sutteridge Park,New York City,NY,10019
970,Martynne,Chrestien,24-Jan-2000,Female,355 Village Green Way,Houston,TX,77035
971,Hurlee,Freebury,06-May-1966,Male,41 Shasta Pass,San Francisco,CA,94147
972,Libbi,Kenneway,01-Apr-1962,Female,60 Maywood Drive,Boise,ID,83722
973,Elwyn,Bedwell,19-Sep-1942,Male,58992 Hooker Circle,Atlanta,GA,30340
974,Sauveur,Boichat,09-Apr-1943,Male,7069 Lotheville Point,Stockton,CA,95298
975,Fletch,Petry,15-Aug-1977,Male,52553 Graceland Crossing,Springfield,IL,62718
976,See,Leere,16-Apr-1970,Male,88 Heath Terrace,Houston,TX,77010
977,Tallulah,Dreakin,06-Jun-1964,Female,79555 Kropf Junction,Houston,TX,77271
978,Jerald,Slorach,11-Apr-1995,Male,42 Upham Road,Cape Coral,FL,33915
979,Francklin,Ribbon,12-Jan-1959,Male,5 Butternut Drive,Boston,MA,02208
980,Fifine,Canellas,07-Aug-1991,Female,23 Talisman Crossing,El Paso,TX,79940
981,Nathaniel,Cahalan,19-Jul-1956,Male,84 Pankratz Avenue,Anderson,IN,46015
982,Natale,Ohrt,14-Mar-1975,Male,203 Sullivan Avenue,Roanoke,VA,24029
983,Garfield,Mifflin,12-Nov-1990,Male,0664 Jenna Point,Richmond,VA,23203
984,Hunfredo,Benka,12-Dec-1956,Male,1 Northland Parkway,Boynton Beach,FL,33436
985,Carilyn,Benham,22-May-1976,Female,55 Kipling Point,Silver Spring,MD,20918
986,Yale,Ruf,17-Apr-1985,Male,5240 Pleasure Trail,Wichita Falls,TX,76310
987,Melita,Mincher,09-May-1975,Female,1108 Anzinger Trail,Houston,TX,77288
988,Hilario,Kamien,13-May-1969,Male,8564 Hagan Pass,Sacramento,CA,94250
989,Dorie,Stapylton,16-Feb-1983,Female,238 Blaine Street,Dallas,TX,75205
990,Reggie,Guerrin,17-Jun-1963,Male,89 Tennyson Parkway,Evansville,IN,47719
991,Reuben,Gout,01-Nov-1985,Male,70 Magdeline Crossing,Glendale,CA,91210
992,Freddy,Matthisson,09-Jan-1967,Male,68 Loeprich Avenue,Salt Lake City,UT,84105
993,Alexandr,Ashforth,20-Nov-1962,Male,20800 Stoughton Plaza,Los Angeles,CA,90005
994,Marylinda,Webermann,16-Jul-1952,Female,54 Randy Park,San Francisco,CA,94116
995,Darby,Lambertz,12-Jan-1994,Female,974 Sutherland Way,Aurora,IL,60505
996,Jarrett,Spearett,18-Jun-1976,Male,89 Commercial Pass,Greensboro,NC,27404
997,Maribelle,Lauga,02-Jan-1941,Female,27 Harper Terrace,Saint Louis,MO,63104
998,Yorke,Charge,09-Jun-1987,Male,81829 East Parkway,Philadelphia,PA,19191
999,Hendrika,Aiers,03-Sep-1959,Female,2894 Larry Place,Savannah,GA,31416
1000,Paula,Falvey,01-Jun-1954,Female,1 Waubesa Plaza,College Station,TX,77844
